voucher_id,voucher_code,campaign_name,discount_type,discount_value,target_group,user_id,user_age,is_student,issued_at,expires_at,is_used,used_at,spending_monthly,days_since_last_login,wallet_balance
1,LUCKY-4BC451F4,Welcome Back,Percent,50,Student,112,16,1,2025-01-01,2025-01-08,0,,383.7,17,48.98
2,LUCKY-8EBC20DD,Weekend Deal,Fixed,10000,Student,358,16,1,2025-01-25,2025-02-01,0,,302.56,89,143.2
3,LUCKY-7D555965,Refer a Friend SV,Percent,10,Student,23,20,1,2025-06-20,2025-07-04,1,2025-07-03,119.97,43,191.44
4,LUCKY-5D2A47FF,Summer Gift,Fixed,20000,All,396,37,0,2025-01-22,2025-01-29,0,,424.69,10,926.18
5,LUCKY-3F354244,Birthday Bonus,Fixed,50000,Student,360,17,1,2025-06-07,2025-07-07,1,2025-06-12,434.89,48,173.3
6,LUCKY-550F94B5,Weekend Deal,Percent,15,All,351,40,0,2025-11-23,2025-12-23,1,2025-11-27,328.52,68,653.23
7,LUCKY-77191DAF,Welcome Back,Fixed,20000,Student,336,16,1,2025-10-23,2025-11-06,1,2025-10-27,153.07,40,6.42
8,LUCKY-797777BB,Refer a Friend SV,Fixed,50000,Student,387,23,1,2025-03-17,2025-03-31,1,2025-03-19,114.29,71,27.93
9,LUCKY-494CF86E,Refer a Friend SV,Fixed,5000,Student,441,17,1,2025-08-17,2025-08-31,1,2025-08-26,118.78,87,32.0
10,LUCKY-8B7D0954,Welcome Back,Fixed,20000,All,449,41,0,2025-03-15,2025-03-22,1,2025-03-27,1497.3,68,697.62
11,LUCKY-9F4A8ECB,Tet Student,Fixed,10000,All,307,36,0,2025-03-18,2025-04-17,1,2025-03-19,1571.53,13,532.3
12,LUCKY-5B15629B,Summer Gift,Percent,10,Student,249,16,1,2025-02-03,2025-03-05,0,,100.34,39,72.6
13,LUCKY-BAF9A966,Back to School,Fixed,10000,All,476,44,0,2025-10-14,2025-10-21,0,,1158.87,84,169.47
14,LUCKY-70E59505,Weekend Deal,Fixed,50000,Student,302,19,1,2025-04-03,2025-04-17,1,2025-04-04,370.83,85,79.8
15,LUCKY-81505E8C,Flash Sale SV,Percent,10,Student,143,19,1,2025-02-17,2025-02-24,0,,53.24,7,141.57
16,LUCKY-C1729F4F,Weekend Deal,Fixed,10000,Student,338,19,1,2025-04-04,2025-04-11,0,,292.66,73,144.67
17,LUCKY-97CE0E19,Refer a Friend SV,Percent,10,Student,98,22,1,2025-02-08,2025-02-15,0,,235.0,6,172.77
18,LUCKY-D49002B7,Welcome Back,Percent,25,Student,475,18,1,2025-09-27,2025-10-04,1,2025-09-29,239.85,31,55.71
19,LUCKY-DB8A6957,Tet Student,Fixed,5000,All,217,27,0,2025-07-09,2025-07-23,1,2025-07-14,499.36,27,511.36
20,LUCKY-CF966713,Flash Sale SV,Fixed,10000,Student,161,24,1,2025-09-02,2025-10-02,0,,347.84,24,97.33
21,LUCKY-E1A0EF1B,Welcome Back,Percent,30,Student,346,23,1,2025-02-20,2025-02-27,0,,276.28,20,170.54
22,LUCKY-CD14F36B,Welcome Back,Percent,30,All,162,32,0,2025-10-19,2025-11-18,0,,415.8,31,895.77
23,LUCKY-002A188E,Back to School,Fixed,10000,All,319,26,0,2025-02-01,2025-02-15,0,,1405.51,33,348.47
24,LUCKY-EA8FEDC3,Welcome Back,Percent,20,All,225,23,0,2025-06-10,2025-06-17,0,,331.87,33,252.5
25,LUCKY-52F14C96,Back to School,Percent,50,All,60,42,0,2025-02-05,2025-02-19,0,,744.53,83,984.66
26,LUCKY-03C9A332,Birthday Bonus,Percent,50,All,251,43,0,2025-11-28,2025-12-12,1,2025-12-07,1195.8,77,308.73
27,LUCKY-6F95D18B,Birthday Bonus,Percent,10,Student,380,16,1,2025-11-09,2025-11-16,0,,91.53,35,84.72
28,LUCKY-1CE07848,Flash Sale SV,Percent,30,Student,221,22,1,2025-10-18,2025-10-25,0,,302.41,88,22.37
29,LUCKY-51F72BEC,Summer Gift,Fixed,10000,Student,453,20,1,2025-06-25,2025-07-25,0,,214.09,5,186.62
30,LUCKY-BC48AE0B,Refer a Friend SV,Percent,15,All,343,39,0,2025-12-11,2025-12-25,1,2025-12-24,1549.06,30,929.48
31,LUCKY-1A6DB0DB,Flash Sale SV,Percent,25,All,180,45,0,2025-04-07,2025-04-21,0,,646.7,89,201.24
32,LUCKY-27B41EC6,Welcome Back,Fixed,20000,Student,261,19,1,2025-05-12,2025-06-11,0,,150.32,51,132.01
33,LUCKY-35519F48,Back to School,Percent,30,Student,403,24,1,2025-10-14,2025-10-28,1,2025-10-26,199.02,33,5.52
34,LUCKY-C83CF9EC,Refer a Friend SV,Fixed,5000,Student,378,24,1,2025-09-22,2025-10-22,1,2025-10-04,102.04,24,179.9
35,LUCKY-B7D5E32A,Back to School,Fixed,5000,Student,207,21,1,2025-11-14,2025-11-28,0,,244.08,42,189.77
36,LUCKY-859A7BC4,Back to School,Percent,30,Student,108,24,1,2025-01-10,2025-01-24,0,,107.28,48,84.09
37,LUCKY-76D0D268,Welcome Back,Fixed,10000,Student,48,21,1,2025-11-21,2025-12-21,1,2025-11-27,259.24,27,88.43
38,LUCKY-45F3679A,Flash Sale SV,Percent,10,All,213,44,0,2025-08-20,2025-08-27,1,2025-08-28,622.76,25,344.9
39,LUCKY-6B24BCDC,Tet Student,Fixed,10000,All,399,38,0,2025-01-25,2025-02-01,0,,549.98,63,711.54
40,LUCKY-1E350528,Summer Gift,Percent,30,Student,411,18,1,2025-02-15,2025-02-22,0,,411.85,59,139.18
41,LUCKY-F7F54C9D,Tet Student,Fixed,50000,Student,385,24,1,2025-08-15,2025-08-29,0,,494.55,56,119.09
42,LUCKY-316167C1,Weekend Deal,Percent,20,Student,164,20,1,2025-05-08,2025-05-22,1,2025-05-14,394.62,80,104.26
43,LUCKY-D9FF4F8D,Summer Gift,Percent,50,All,213,22,0,2025-07-11,2025-08-10,1,2025-07-19,449.07,88,269.7
44,LUCKY-CBD262AE,Refer a Friend SV,Percent,30,Student,437,22,1,2025-06-10,2025-06-24,0,,225.26,89,153.96
45,LUCKY-6F837EE7,Summer Gift,Percent,25,All,343,33,0,2025-08-01,2025-08-15,1,2025-08-07,1168.8,77,747.9
46,LUCKY-CBE3A86A,Flash Sale SV,Percent,25,Student,26,22,1,2025-07-05,2025-07-19,1,2025-07-08,375.88,16,168.1
47,LUCKY-C5E6C451,Back to School,Fixed,50000,Student,277,21,1,2025-08-01,2025-08-31,0,,145.25,48,65.37
48,LUCKY-2EA23897,Summer Gift,Percent,10,Student,65,21,1,2025-01-20,2025-01-27,1,2025-01-24,150.9,83,13.72
49,LUCKY-FC6DE919,Tet Student,Fixed,20000,Student,399,17,1,2025-12-23,2025-12-30,0,,303.79,89,43.59
50,LUCKY-83694573,Summer Gift,Fixed,50000,All,53,29,0,2025-12-27,2026-01-26,1,2025-12-31,394.58,39,74.39
51,LUCKY-49EFF381,Refer a Friend SV,Percent,20,Student,175,20,1,2025-02-17,2025-03-19,0,,432.63,15,120.08
52,LUCKY-1C3399A2,Refer a Friend SV,Fixed,10000,Student,414,22,1,2025-09-21,2025-10-05,1,2025-10-01,420.05,46,21.11
53,LUCKY-2CC321C7,Summer Gift,Fixed,20000,All,125,44,0,2025-02-09,2025-02-23,0,,1070.3,75,463.8
54,LUCKY-D756CD21,Tet Student,Fixed,20000,All,175,38,0,2025-06-26,2025-07-10,0,,1298.6,3,410.04
55,LUCKY-016A5DDB,Refer a Friend SV,Percent,15,Student,331,20,1,2025-04-23,2025-05-07,0,,300.11,24,103.33
56,LUCKY-6FF81AFD,Back to School,Fixed,10000,All,272,34,0,2025-06-16,2025-07-16,0,,1627.28,28,138.4
57,LUCKY-9208E24B,Summer Gift,Fixed,20000,Student,275,24,1,2025-04-11,2025-04-18,1,2025-04-23,198.86,34,140.57
58,LUCKY-11343334,Welcome Back,Fixed,20000,All,92,42,0,2025-05-08,2025-05-22,0,,533.27,61,255.57
59,LUCKY-132D349A,Weekend Deal,Fixed,10000,Student,246,24,1,2025-01-19,2025-02-02,1,2025-01-27,106.96,6,9.1
60,LUCKY-71DFDF33,Refer a Friend SV,Percent,10,Student,28,18,1,2025-10-21,2025-11-20,0,,484.47,61,50.5
61,LUCKY-F529145B,Refer a Friend SV,Fixed,10000,Student,220,20,1,2025-08-10,2025-09-09,0,,88.33,71,49.64
62,LUCKY-36DA6FEE,Welcome Back,Percent,20,Student,2,16,1,2025-03-18,2025-03-25,1,2025-03-21,324.33,26,148.02
63,LUCKY-DE85684C,Welcome Back,Fixed,50000,Student,302,23,1,2025-05-26,2025-06-25,0,,181.07,90,46.3
64,LUCKY-8AD84651,Tet Student,Percent,20,Student,384,19,1,2025-03-26,2025-04-09,1,2025-04-05,241.31,82,108.91
65,LUCKY-8123F273,Weekend Deal,Fixed,20000,All,377,29,0,2025-10-02,2025-10-16,0,,990.48,38,495.26
66,LUCKY-7B0D24A9,Back to School,Percent,50,Student,334,20,1,2025-03-16,2025-04-15,0,,61.64,86,45.78
67,LUCKY-62EEC92F,Weekend Deal,Fixed,5000,Student,440,20,1,2025-06-11,2025-07-11,1,2025-06-13,131.67,81,117.07
68,LUCKY-EBFAD797,Welcome Back,Percent,25,Student,264,22,1,2025-06-04,2025-06-18,1,2025-06-18,362.15,51,57.64
69,LUCKY-A419C16F,Birthday Bonus,Percent,15,All,390,20,0,2025-08-21,2025-09-04,0,,1383.79,52,565.46
70,LUCKY-03072FF7,Flash Sale SV,Fixed,5000,Student,364,20,1,2025-10-26,2025-11-02,0,,297.15,56,185.53
71,LUCKY-382814EC,Welcome Back,Percent,25,Student,150,24,1,2025-03-16,2025-04-15,0,,56.15,28,81.6
72,LUCKY-31A11341,Tet Student,Percent,25,Student,443,20,1,2025-10-17,2025-11-16,1,2025-10-20,236.97,60,96.5
73,LUCKY-7418661D,Back to School,Percent,20,Student,444,22,1,2025-10-22,2025-11-05,0,,202.94,34,157.54
74,LUCKY-C1F88B38,Birthday Bonus,Fixed,50000,Student,197,24,1,2025-12-08,2026-01-07,0,,267.95,69,66.49
75,LUCKY-DCBB68CF,Tet Student,Fixed,50000,Student,495,22,1,2025-01-05,2025-02-04,0,,69.64,90,148.94
76,LUCKY-A9AE4EC7,Tet Student,Fixed,5000,Student,241,17,1,2025-11-05,2025-11-12,0,,443.39,67,88.06
77,LUCKY-B0BEA033,Refer a Friend SV,Percent,20,All,447,28,0,2025-11-23,2025-12-07,0,,809.41,83,708.07
78,LUCKY-24C6963A,Welcome Back,Percent,50,Student,361,17,1,2025-02-25,2025-03-27,0,,155.65,36,136.88
79,LUCKY-B18C1C1D,Flash Sale SV,Percent,20,All,272,34,0,2025-06-14,2025-06-21,1,2025-06-18,499.46,3,334.49
80,LUCKY-DEDDDB3F,Tet Student,Percent,25,Student,342,18,1,2025-11-09,2025-11-23,1,2025-11-14,126.49,48,15.79
81,LUCKY-00D92A2D,Birthday Bonus,Percent,25,Student,354,23,1,2025-05-21,2025-06-04,0,,455.54,20,135.52
82,LUCKY-AABF46A9,Refer a Friend SV,Percent,15,Student,152,20,1,2025-10-10,2025-11-09,0,,139.65,61,76.94
83,LUCKY-F7F77043,Weekend Deal,Percent,30,Student,311,22,1,2025-05-25,2025-06-01,0,,173.52,87,113.19
84,LUCKY-C134DEF4,Welcome Back,Percent,50,All,404,27,0,2025-11-02,2025-11-16,0,,1345.91,86,639.85
85,LUCKY-0B125A6B,Tet Student,Fixed,50000,Student,468,21,1,2025-09-12,2025-10-12,1,2025-09-21,379.56,37,18.03
86,LUCKY-CB78A9AA,Welcome Back,Fixed,20000,Student,441,18,1,2025-02-05,2025-02-12,0,,165.64,61,164.94
87,LUCKY-B291EF15,Flash Sale SV,Percent,25,Student,384,22,1,2025-02-15,2025-03-01,1,2025-02-26,485.27,46,160.92
88,LUCKY-03A9C7E8,Flash Sale SV,Percent,25,Student,114,22,1,2025-09-11,2025-10-11,0,,420.09,13,188.06
89,LUCKY-7C79F21B,Flash Sale SV,Percent,15,Student,50,23,1,2025-05-16,2025-05-23,0,,459.22,52,60.44
90,LUCKY-1DDBA5B1,Refer a Friend SV,Fixed,10000,Student,481,24,1,2025-08-20,2025-09-03,0,,111.05,85,90.73
91,LUCKY-01A68AFE,Welcome Back,Percent,20,All,184,21,0,2025-06-18,2025-07-18,0,,1442.51,56,256.41
92,LUCKY-1F34A5EA,Summer Gift,Percent,50,Student,403,20,1,2025-10-01,2025-10-08,0,,135.41,58,24.43
93,LUCKY-9F905B0D,Summer Gift,Percent,30,Student,404,18,1,2025-04-11,2025-04-18,0,,404.14,70,41.04
94,LUCKY-FC07025A,Welcome Back,Fixed,10000,All,184,20,0,2025-01-05,2025-01-12,0,,699.09,16,984.83
95,LUCKY-A02BA6BC,Refer a Friend SV,Percent,15,All,230,27,0,2025-12-03,2025-12-17,0,,1259.94,33,64.99
96,LUCKY-5C0CFCC4,Back to School,Percent,50,All,434,36,0,2025-01-02,2025-01-16,0,,1268.6,28,479.41
97,LUCKY-C0B047DC,Tet Student,Percent,20,Student,281,17,1,2025-05-20,2025-06-19,1,2025-05-30,270.62,9,181.94
98,LUCKY-AD22789C,Welcome Back,Fixed,5000,All,370,32,0,2025-11-25,2025-12-25,0,,1990.33,58,554.03
99,LUCKY-9D6425B9,Refer a Friend SV,Fixed,50000,All,341,33,0,2025-06-14,2025-06-28,0,,1012.8,43,267.07
100,LUCKY-B9FD3D2A,Refer a Friend SV,Percent,10,Student,31,18,1,2025-12-12,2025-12-19,1,2025-12-21,359.07,11,94.85
101,LUCKY-70274426,Flash Sale SV,Fixed,50000,Student,54,24,1,2025-10-10,2025-10-24,0,,302.76,52,134.0
102,LUCKY-514E4B97,Welcome Back,Fixed,20000,Student,433,19,1,2025-10-08,2025-10-22,0,,119.63,13,96.44
103,LUCKY-C07775C7,Tet Student,Fixed,5000,Student,93,24,1,2025-05-11,2025-05-25,1,2025-05-12,61.81,88,185.82
104,LUCKY-E71DE274,Summer Gift,Percent,10,All,160,38,0,2025-08-11,2025-08-18,1,2025-08-17,1383.22,81,116.11
105,LUCKY-53BE4B58,Flash Sale SV,Percent,15,All,218,44,0,2025-05-15,2025-06-14,0,,1894.53,6,616.41
106,LUCKY-B8067536,Refer a Friend SV,Percent,20,Student,270,23,1,2025-11-22,2025-12-22,1,2025-11-30,236.38,65,43.11
107,LUCKY-0B9394D8,Back to School,Percent,15,Student,149,16,1,2025-03-25,2025-04-08,0,,149.23,7,196.89
108,LUCKY-E907C6CB,Birthday Bonus,Fixed,10000,Student,236,16,1,2025-12-02,2025-12-16,1,2025-12-03,273.82,16,86.13
109,LUCKY-132A0C15,Welcome Back,Fixed,20000,All,236,30,0,2025-06-06,2025-07-06,0,,1236.37,90,594.73
110,LUCKY-3EF86A56,Welcome Back,Fixed,50000,All,171,31,0,2025-05-24,2025-06-07,1,2025-05-28,358.63,31,852.26
111,LUCKY-8EC7FA02,Birthday Bonus,Percent,20,All,121,22,0,2025-11-27,2025-12-04,0,,1118.87,65,158.33
112,LUCKY-1C6303C1,Weekend Deal,Percent,15,Student,230,20,1,2025-10-25,2025-11-24,0,,138.77,83,120.48
113,LUCKY-C38DFB34,Weekend Deal,Fixed,5000,Student,303,21,1,2025-05-26,2025-06-09,0,,438.91,19,125.44
114,LUCKY-BDA87E29,Back to School,Percent,20,Student,197,24,1,2025-02-20,2025-03-22,1,2025-03-01,83.39,4,92.35
115,LUCKY-3589F806,Birthday Bonus,Fixed,10000,Student,231,24,1,2025-09-05,2025-09-12,0,,479.4,5,147.78
116,LUCKY-CF2B73BD,Summer Gift,Percent,10,Student,313,21,1,2025-08-17,2025-09-16,0,,492.07,82,16.87
117,LUCKY-F3460A22,Birthday Bonus,Percent,50,Student,146,21,1,2025-02-18,2025-03-20,1,2025-02-25,463.07,43,77.48
118,LUCKY-5F3A50FF,Refer a Friend SV,Fixed,20000,Student,193,18,1,2025-12-03,2025-12-17,1,2025-12-12,200.01,18,116.55
119,LUCKY-0A274014,Refer a Friend SV,Percent,50,Student,93,21,1,2025-01-12,2025-01-26,0,,415.93,87,134.02
120,LUCKY-8E198AC2,Welcome Back,Percent,15,All,379,30,0,2025-02-17,2025-03-19,1,2025-03-03,1905.8,28,511.96
121,LUCKY-703063E8,Refer a Friend SV,Percent,30,All,320,21,0,2025-03-27,2025-04-26,1,2025-04-09,1391.47,79,882.57
122,LUCKY-09C9CDDF,Back to School,Percent,25,All,123,25,0,2025-08-08,2025-09-07,0,,1498.13,46,91.51
123,LUCKY-56C0E8D4,Back to School,Fixed,50000,Student,495,23,1,2025-09-17,2025-10-01,0,,456.79,86,38.8
124,LUCKY-05A83746,Weekend Deal,Percent,50,Student,434,19,1,2025-09-04,2025-10-04,0,,410.57,32,27.68
125,LUCKY-DB2EBE40,Refer a Friend SV,Fixed,10000,Student,477,17,1,2025-04-27,2025-05-11,1,2025-05-03,178.28,34,152.62
126,LUCKY-376EAAA5,Summer Gift,Percent,20,Student,172,16,1,2025-02-27,2025-03-29,1,2025-03-10,228.4,49,74.79
127,LUCKY-B6658A7F,Weekend Deal,Percent,50,All,132,24,0,2025-01-03,2025-01-10,0,,268.95,60,921.53
128,LUCKY-74A10F20,Back to School,Fixed,5000,Student,328,18,1,2025-02-02,2025-02-09,1,2025-02-09,296.96,67,145.45
129,LUCKY-910D92C8,Summer Gift,Percent,50,All,315,34,0,2025-05-14,2025-05-21,0,,313.05,63,844.85
130,LUCKY-4602447C,Flash Sale SV,Fixed,5000,Student,192,22,1,2025-08-02,2025-09-01,1,2025-08-09,134.29,67,133.64
131,LUCKY-D09B4E4E,Birthday Bonus,Percent,30,Student,330,16,1,2025-06-18,2025-07-02,1,2025-07-02,210.69,30,13.51
132,LUCKY-D00ADC81,Weekend Deal,Percent,10,Student,162,23,1,2025-04-02,2025-04-09,1,2025-04-03,491.37,23,95.71
133,LUCKY-CCE26FEC,Summer Gift,Fixed,5000,All,140,36,0,2025-01-28,2025-02-27,1,2025-02-03,916.8,60,824.64
134,LUCKY-6E8206E2,Tet Student,Fixed,20000,Student,137,21,1,2025-08-12,2025-09-11,0,,246.63,56,80.0
135,LUCKY-83ECDB6E,Welcome Back,Fixed,20000,All,309,43,0,2025-11-10,2025-11-24,1,2025-11-18,964.1,23,459.08
136,LUCKY-406AA71C,Back to School,Fixed,50000,All,327,25,0,2025-01-03,2025-02-02,0,,1441.58,5,383.97
137,LUCKY-80EDE659,Weekend Deal,Percent,30,Student,186,24,1,2025-02-08,2025-03-10,1,2025-02-14,410.49,3,135.88
138,LUCKY-2467390C,Welcome Back,Fixed,50000,Student,161,16,1,2025-09-12,2025-09-26,0,,322.29,47,135.81
139,LUCKY-9705D60F,Welcome Back,Fixed,50000,Student,314,19,1,2025-05-23,2025-06-06,1,2025-05-27,482.23,23,5.18
140,LUCKY-F453A4E9,Weekend Deal,Fixed,10000,Student,342,23,1,2025-11-28,2025-12-12,0,,140.08,9,27.15
141,LUCKY-2A94D243,Tet Student,Percent,50,Student,103,17,1,2025-09-08,2025-09-15,0,,297.5,38,58.07
142,LUCKY-D09DD7AD,Tet Student,Fixed,50000,All,204,27,0,2025-02-03,2025-02-17,0,,1622.67,70,74.97
143,LUCKY-BCD4F390,Birthday Bonus,Percent,15,All,265,43,0,2025-08-15,2025-09-14,0,,1061.6,52,440.26
144,LUCKY-C1572CF8,Welcome Back,Fixed,5000,Student,166,24,1,2025-05-06,2025-05-13,0,,337.91,16,36.39
145,LUCKY-97E5AE00,Summer Gift,Percent,20,All,321,27,0,2025-09-09,2025-09-16,0,,822.84,36,943.86
146,LUCKY-14E1AC9F,Birthday Bonus,Percent,15,Student,42,24,1,2025-10-02,2025-10-09,0,,92.04,75,128.2
147,LUCKY-C2185FFA,Back to School,Percent,25,Student,413,20,1,2025-05-16,2025-05-23,0,,343.01,53,153.39
148,LUCKY-BEA10981,Refer a Friend SV,Percent,25,All,74,32,0,2025-04-11,2025-05-11,0,,735.38,7,119.32
149,LUCKY-86E0EE94,Welcome Back,Percent,20,Student,127,21,1,2025-08-04,2025-08-18,1,2025-08-12,380.39,51,172.16
150,LUCKY-52842D76,Tet Student,Fixed,10000,Student,98,16,1,2025-10-24,2025-11-07,0,,180.6,78,76.83
151,LUCKY-8E347F89,Welcome Back,Fixed,5000,All,111,35,0,2025-09-15,2025-09-22,0,,1992.74,39,493.47
152,LUCKY-F54B5BB3,Flash Sale SV,Fixed,20000,Student,373,16,1,2025-07-05,2025-07-19,0,,72.74,83,98.98
153,LUCKY-9CBA31DD,Back to School,Percent,20,Student,423,22,1,2025-09-15,2025-10-15,1,2025-09-20,214.67,72,80.12
154,LUCKY-62ED3B67,Birthday Bonus,Fixed,20000,All,102,41,0,2025-06-25,2025-07-02,0,,1299.88,12,172.23
155,LUCKY-A74B5099,Weekend Deal,Fixed,50000,Student,164,22,1,2025-09-05,2025-09-19,1,2025-09-15,275.04,17,9.06
156,LUCKY-99CA5F91,Weekend Deal,Fixed,20000,Student,57,20,1,2025-06-11,2025-07-11,0,,317.18,65,101.46
157,LUCKY-8F8348DA,Weekend Deal,Percent,30,All,117,38,0,2025-11-26,2025-12-26,1,2025-12-06,753.82,88,903.83
158,LUCKY-172995F2,Summer Gift,Fixed,10000,All,226,38,0,2025-12-04,2025-12-11,1,2025-12-05,1064.81,79,548.02
159,LUCKY-75816143,Tet Student,Fixed,5000,Student,245,18,1,2025-09-11,2025-10-11,0,,235.83,64,40.78
160,LUCKY-2F1F9AAD,Back to School,Fixed,20000,Student,286,21,1,2025-04-08,2025-04-22,0,,480.51,68,91.93
161,LUCKY-65915126,Weekend Deal,Fixed,20000,Student,294,20,1,2025-12-09,2025-12-23,1,2025-12-11,397.03,88,140.98
162,LUCKY-9F6491DB,Flash Sale SV,Percent,20,Student,336,22,1,2025-12-03,2025-12-17,1,2025-12-11,453.09,44,78.91
163,LUCKY-CA999906,Welcome Back,Fixed,10000,Student,26,23,1,2025-10-08,2025-10-15,0,,146.29,34,165.59
164,LUCKY-39AA449D,Weekend Deal,Fixed,20000,Student,209,24,1,2025-03-01,2025-03-31,1,2025-03-04,151.55,12,46.57
165,LUCKY-ABFCF953,Flash Sale SV,Fixed,20000,Student,119,23,1,2025-02-21,2025-03-23,0,,264.85,36,39.89
166,LUCKY-F95B19C2,Weekend Deal,Percent,25,Student,5,16,1,2025-12-28,2026-01-11,1,2025-12-29,460.95,22,35.01
167,LUCKY-5B2FA30C,Weekend Deal,Fixed,10000,Student,235,17,1,2025-02-11,2025-02-18,1,2025-02-23,467.8,58,67.01
168,LUCKY-853F5673,Refer a Friend SV,Percent,15,Student,206,18,1,2025-09-11,2025-09-18,0,,56.34,37,67.42
169,LUCKY-82F817BC,Refer a Friend SV,Percent,20,Student,371,18,1,2025-05-11,2025-05-25,1,2025-05-21,491.76,31,95.49
170,LUCKY-20B97FBB,Back to School,Percent,25,Student,160,20,1,2025-11-17,2025-12-17,1,2025-11-30,344.16,7,138.55
171,LUCKY-B2CC199D,Weekend Deal,Fixed,10000,Student,360,20,1,2025-10-12,2025-10-26,0,,215.39,17,44.17
172,LUCKY-53CCD0BB,Welcome Back,Percent,50,Student,40,23,1,2025-09-23,2025-10-07,0,,390.81,27,160.4
173,LUCKY-E1485579,Tet Student,Percent,30,All,106,23,0,2025-09-15,2025-09-22,1,2025-09-26,311.16,64,570.27
174,LUCKY-18372E24,Refer a Friend SV,Fixed,10000,All,345,35,0,2025-01-18,2025-02-01,0,,363.69,7,534.86
175,LUCKY-A4D92700,Welcome Back,Percent,30,All,31,43,0,2025-06-23,2025-06-30,1,2025-07-02,239.19,0,291.73
176,LUCKY-0FEAD3FC,Tet Student,Fixed,10000,All,192,22,0,2025-12-21,2026-01-04,0,,1975.05,36,498.47
177,LUCKY-DC926E42,Tet Student,Fixed,5000,All,276,32,0,2025-06-04,2025-06-11,0,,1007.37,48,921.26
178,LUCKY-6B0A7F83,Weekend Deal,Percent,20,Student,195,18,1,2025-09-14,2025-10-14,0,,377.54,0,44.54
179,LUCKY-7F132B02,Refer a Friend SV,Percent,10,All,35,27,0,2025-01-08,2025-01-15,0,,1029.13,24,197.37
180,LUCKY-63F3F9AE,Flash Sale SV,Percent,50,Student,387,16,1,2025-04-18,2025-04-25,0,,250.9,6,134.4
181,LUCKY-C0FCBDF3,Summer Gift,Fixed,20000,All,212,21,0,2025-03-22,2025-04-21,1,2025-03-26,452.24,29,993.81
182,LUCKY-6579ACC7,Flash Sale SV,Fixed,50000,Student,403,16,1,2025-11-22,2025-12-06,0,,300.52,22,118.33
183,LUCKY-C5B028A2,Summer Gift,Fixed,10000,Student,288,22,1,2025-12-05,2025-12-19,1,2025-12-06,233.72,23,59.98
184,LUCKY-06B771BC,Birthday Bonus,Fixed,10000,Student,48,22,1,2025-08-28,2025-09-11,0,,300.78,31,26.82
185,LUCKY-7A7EE804,Summer Gift,Percent,10,Student,287,19,1,2025-10-24,2025-11-23,0,,73.19,77,75.43
186,LUCKY-D24BB28C,Welcome Back,Percent,15,Student,310,19,1,2025-08-08,2025-09-07,0,,441.26,1,66.59
187,LUCKY-C195428B,Birthday Bonus,Fixed,50000,All,51,32,0,2025-06-17,2025-07-01,1,2025-06-25,1847.23,36,574.48
188,LUCKY-DE6D6DD4,Refer a Friend SV,Fixed,20000,All,134,43,0,2025-04-24,2025-05-01,1,2025-04-25,1045.08,26,847.74
189,LUCKY-36B0109F,Weekend Deal,Fixed,10000,Student,391,22,1,2025-11-11,2025-11-25,0,,182.84,29,39.24
190,LUCKY-91DBC05B,Tet Student,Fixed,10000,All,329,43,0,2025-08-06,2025-09-05,0,,1355.05,21,516.07
191,LUCKY-EDE8682C,Refer a Friend SV,Percent,10,All,78,36,0,2025-11-08,2025-11-15,1,2025-11-20,260.88,85,854.36
192,LUCKY-47BD9E99,Flash Sale SV,Fixed,50000,Student,272,24,1,2025-09-14,2025-09-21,1,2025-09-15,255.2,81,12.09
193,LUCKY-CF8E5ED5,Welcome Back,Fixed,10000,All,99,37,0,2025-09-05,2025-09-12,0,,1959.46,89,66.29
194,LUCKY-9F159358,Refer a Friend SV,Percent,20,Student,154,20,1,2025-04-23,2025-04-30,0,,416.85,50,53.46
195,LUCKY-2E7E7326,Refer a Friend SV,Percent,25,Student,360,17,1,2025-08-02,2025-09-01,1,2025-08-03,344.18,4,171.64
196,LUCKY-27314657,Flash Sale SV,Percent,30,Student,24,23,1,2025-12-19,2026-01-02,1,2025-12-24,430.4,42,128.98
197,LUCKY-E89E1340,Birthday Bonus,Percent,15,All,421,41,0,2025-04-19,2025-04-26,1,2025-05-02,1866.05,72,904.35
198,LUCKY-ECE9855C,Refer a Friend SV,Percent,30,All,387,32,0,2025-09-11,2025-09-25,0,,1871.97,72,334.31
199,LUCKY-8D110487,Welcome Back,Fixed,5000,All,394,45,0,2025-02-11,2025-03-13,0,,1979.26,64,737.96
200,LUCKY-9951FECC,Weekend Deal,Fixed,50000,Student,349,22,1,2025-09-13,2025-09-27,1,2025-09-16,486.01,81,65.28
201,LUCKY-13FCD569,Back to School,Percent,10,Student,379,22,1,2025-12-26,2026-01-25,1,2025-12-29,88.56,31,123.72
202,LUCKY-692621A2,Back to School,Fixed,20000,Student,286,21,1,2025-02-06,2025-02-20,1,2025-02-14,97.95,39,1.04
203,LUCKY-0AAE58B3,Birthday Bonus,Percent,30,Student,199,22,1,2025-01-10,2025-01-24,0,,96.48,70,17.92
204,LUCKY-A726AAA1,Refer a Friend SV,Percent,50,All,75,43,0,2025-05-10,2025-05-24,1,2025-05-18,1822.04,31,909.95
205,LUCKY-6A730A4C,Summer Gift,Fixed,20000,Student,101,22,1,2025-08-20,2025-09-19,0,,174.18,9,59.95
206,LUCKY-58EE9431,Weekend Deal,Fixed,20000,Student,165,18,1,2025-11-20,2025-11-27,1,2025-11-25,187.1,42,189.76
207,LUCKY-23193F85,Weekend Deal,Fixed,20000,Student,144,19,1,2025-04-11,2025-04-25,0,,265.55,50,35.53
208,LUCKY-AAA006C6,Flash Sale SV,Percent,50,All,225,32,0,2025-08-23,2025-08-30,0,,857.03,25,935.46
209,LUCKY-1ADEA06D,Back to School,Fixed,10000,All,405,42,0,2025-11-05,2025-12-05,1,2025-11-12,324.49,52,855.4
210,LUCKY-DBA52799,Birthday Bonus,Fixed,5000,Student,469,23,1,2025-09-20,2025-10-20,0,,495.82,51,95.85
211,LUCKY-448893BF,Refer a Friend SV,Percent,30,Student,55,19,1,2025-06-26,2025-07-10,0,,345.92,82,71.0
212,LUCKY-EA0FE558,Birthday Bonus,Percent,25,Student,78,20,1,2025-11-19,2025-12-19,1,2025-11-28,149.9,71,149.37
213,LUCKY-847A3B9E,Tet Student,Percent,50,Student,248,16,1,2025-06-15,2025-06-22,1,2025-06-24,267.25,10,59.09
214,LUCKY-0AE42163,Flash Sale SV,Percent,20,Student,332,17,1,2025-02-01,2025-02-15,0,,247.17,40,139.35
215,LUCKY-E9629B84,Tet Student,Percent,30,Student,208,18,1,2025-07-15,2025-07-22,1,2025-07-28,468.47,66,148.1
216,LUCKY-FA519F17,Refer a Friend SV,Percent,25,Student,386,18,1,2025-12-07,2025-12-14,1,2025-12-12,338.22,3,86.43
217,LUCKY-B7687660,Birthday Bonus,Percent,20,All,251,45,0,2025-02-09,2025-03-11,1,2025-02-23,312.61,68,146.66
218,LUCKY-C4B689E2,Birthday Bonus,Percent,20,Student,362,21,1,2025-10-06,2025-11-05,0,,318.64,75,122.26
219,LUCKY-85772A04,Back to School,Percent,15,All,199,39,0,2025-06-23,2025-06-30,1,2025-07-02,1262.3,40,688.5
220,LUCKY-FCCCE5BD,Tet Student,Percent,30,Student,432,18,1,2025-03-06,2025-03-20,0,,308.66,62,84.61
221,LUCKY-3DE69010,Refer a Friend SV,Percent,15,Student,210,16,1,2025-09-21,2025-10-05,0,,439.49,62,190.37
222,LUCKY-C7D38819,Flash Sale SV,Percent,30,Student,141,22,1,2025-04-10,2025-04-17,0,,369.56,21,88.77
223,LUCKY-5AE12B01,Welcome Back,Percent,30,Student,422,20,1,2025-09-27,2025-10-11,1,2025-10-06,125.69,63,91.46
224,LUCKY-1AB58AC7,Summer Gift,Percent,50,All,442,44,0,2025-01-15,2025-01-29,1,2025-01-21,1494.16,54,569.04
225,LUCKY-6EFED75B,Birthday Bonus,Percent,50,All,85,34,0,2025-10-21,2025-11-04,0,,1757.52,30,161.52
226,LUCKY-0D8A1C91,Tet Student,Fixed,20000,Student,137,19,1,2025-12-10,2025-12-24,1,2025-12-20,416.09,72,161.09
227,LUCKY-5B5C1B4C,Flash Sale SV,Percent,25,All,444,36,0,2025-11-05,2025-12-05,0,,1973.88,12,695.33
228,LUCKY-F4B50063,Tet Student,Fixed,50000,Student,193,18,1,2025-05-21,2025-06-04,0,,370.13,86,165.7
229,LUCKY-1C167243,Weekend Deal,Fixed,50000,Student,375,17,1,2025-01-28,2025-02-27,1,2025-01-30,231.28,88,149.96
230,LUCKY-52372C50,Refer a Friend SV,Fixed,10000,All,425,40,0,2025-08-09,2025-08-23,0,,1395.46,8,390.31
231,LUCKY-62B2753C,Flash Sale SV,Fixed,5000,Student,81,24,1,2025-08-01,2025-08-08,1,2025-08-15,310.07,62,113.23
232,LUCKY-2A1BDAD1,Back to School,Percent,50,Student,129,16,1,2025-05-03,2025-06-02,1,2025-05-09,496.33,88,85.56
233,LUCKY-F9A8122C,Welcome Back,Percent,25,Student,40,18,1,2025-01-07,2025-01-21,0,,73.3,89,125.12
234,LUCKY-085B30E8,Refer a Friend SV,Fixed,5000,Student,197,19,1,2025-08-03,2025-08-10,0,,283.75,1,89.01
235,LUCKY-6DA1CA09,Tet Student,Percent,25,Student,272,17,1,2025-11-05,2025-11-12,0,,96.44,38,73.51
236,LUCKY-57243F6C,Weekend Deal,Percent,25,Student,386,18,1,2025-02-04,2025-02-11,0,,248.04,80,144.49
237,LUCKY-E7AA518B,Welcome Back,Percent,20,Student,146,22,1,2025-10-20,2025-11-19,1,2025-10-30,208.19,17,85.88
238,LUCKY-A4AF3F80,Summer Gift,Percent,30,All,402,42,0,2025-05-21,2025-05-28,0,,248.28,38,854.72
239,LUCKY-975CB519,Flash Sale SV,Percent,30,All,441,27,0,2025-06-05,2025-06-19,0,,1090.8,63,157.11
240,LUCKY-F54D0F67,Welcome Back,Percent,10,All,204,33,0,2025-04-02,2025-04-09,1,2025-04-15,857.74,60,698.79
241,LUCKY-F09609D1,Tet Student,Percent,50,Student,499,24,1,2025-05-03,2025-06-02,1,2025-05-07,395.2,51,84.72
242,LUCKY-F4D97CFB,Refer a Friend SV,Percent,20,All,45,37,0,2025-04-02,2025-04-09,0,,788.15,83,607.12
243,LUCKY-63E0963E,Flash Sale SV,Percent,10,All,255,23,0,2025-12-01,2025-12-08,0,,1016.07,39,628.39
244,LUCKY-A431EC86,Tet Student,Percent,20,All,395,36,0,2025-05-24,2025-05-31,0,,1131.0,33,831.38
245,LUCKY-5F3B05DF,Weekend Deal,Fixed,5000,All,440,30,0,2025-06-02,2025-06-16,0,,1652.79,8,308.38
246,LUCKY-6D4F4451,Flash Sale SV,Percent,15,Student,187,21,1,2025-01-08,2025-01-15,1,2025-01-16,120.79,73,154.67
247,LUCKY-0248ABF3,Birthday Bonus,Fixed,10000,Student,40,18,1,2025-12-11,2025-12-25,1,2025-12-25,130.53,4,192.07
248,LUCKY-104A1B12,Flash Sale SV,Percent,30,Student,397,17,1,2025-02-15,2025-03-01,0,,275.92,22,180.39
249,LUCKY-AD51B2F7,Back to School,Percent,20,All,303,30,0,2025-04-15,2025-04-29,0,,355.49,47,483.91
250,LUCKY-D3F34097,Flash Sale SV,Percent,15,All,178,44,0,2025-01-08,2025-02-07,0,,1596.59,69,745.84
251,LUCKY-3BF050C5,Welcome Back,Fixed,20000,Student,498,16,1,2025-04-14,2025-04-28,1,2025-04-15,477.95,84,0.29
252,LUCKY-40D81CE0,Weekend Deal,Fixed,20000,All,259,42,0,2025-02-19,2025-02-26,0,,703.69,29,91.71
253,LUCKY-FFA256F5,Back to School,Percent,15,Student,426,22,1,2025-06-26,2025-07-10,1,2025-07-08,83.67,55,113.56
254,LUCKY-1B41CDA0,Welcome Back,Percent,30,All,209,30,0,2025-03-15,2025-03-29,1,2025-03-21,1014.96,25,271.93
255,LUCKY-8AE46E91,Welcome Back,Fixed,20000,Student,309,21,1,2025-11-10,2025-12-10,1,2025-11-22,484.09,39,41.53
256,LUCKY-B6CE2933,Back to School,Fixed,5000,Student,232,21,1,2025-03-01,2025-03-15,1,2025-03-15,116.75,45,142.23
257,LUCKY-29938D6E,Flash Sale SV,Percent,10,Student,422,24,1,2025-04-05,2025-04-12,0,,162.43,17,92.41
258,LUCKY-C5F9EC1D,Summer Gift,Percent,10,Student,48,17,1,2025-08-26,2025-09-02,0,,312.05,9,51.76
259,LUCKY-15A3EA6A,Refer a Friend SV,Percent,15,All,196,45,0,2025-07-16,2025-07-23,0,,796.79,59,90.56
260,LUCKY-C3D115A6,Tet Student,Fixed,50000,Student,152,18,1,2025-10-20,2025-10-27,1,2025-10-31,209.27,35,181.66
261,LUCKY-1B107F04,Summer Gift,Percent,25,Student,411,24,1,2025-09-08,2025-10-08,0,,265.56,49,17.54
262,LUCKY-142949AC,Birthday Bonus,Fixed,50000,Student,139,16,1,2025-09-11,2025-09-25,0,,495.23,45,156.38
263,LUCKY-92EAE8BE,Birthday Bonus,Percent,25,Student,127,21,1,2025-04-06,2025-04-13,0,,318.7,35,5.86
264,LUCKY-B54CA8D6,Refer a Friend SV,Percent,30,Student,163,20,1,2025-03-06,2025-03-13,1,2025-03-16,290.16,7,158.25
265,LUCKY-675AC1EB,Summer Gift,Fixed,10000,All,90,42,0,2025-08-18,2025-09-01,0,,845.81,90,611.98
266,LUCKY-5BEC495A,Birthday Bonus,Fixed,5000,Student,175,17,1,2025-04-26,2025-05-03,0,,75.28,2,120.33
267,LUCKY-38E4D199,Tet Student,Percent,30,All,492,45,0,2025-09-28,2025-10-12,0,,1719.71,2,357.41
268,LUCKY-71BDBF61,Refer a Friend SV,Percent,15,Student,90,22,1,2025-08-21,2025-09-04,0,,313.71,41,67.31
269,LUCKY-0E42C93C,Tet Student,Percent,50,All,91,37,0,2025-12-23,2026-01-06,1,2025-12-26,1448.41,45,932.4
270,LUCKY-6346E2C9,Birthday Bonus,Percent,15,All,290,42,0,2025-10-08,2025-11-07,0,,1907.66,72,422.02
271,LUCKY-0A1DFAD4,Tet Student,Fixed,20000,Student,344,23,1,2025-02-27,2025-03-29,0,,113.29,30,149.07
272,LUCKY-F91BF155,Back to School,Percent,20,Student,198,21,1,2025-12-01,2025-12-08,0,,250.98,31,53.04
273,LUCKY-86C9FA94,Refer a Friend SV,Fixed,20000,Student,389,22,1,2025-08-26,2025-09-25,1,2025-09-06,486.1,63,176.91
274,LUCKY-055E306D,Birthday Bonus,Fixed,5000,Student,455,18,1,2025-02-03,2025-02-17,1,2025-02-06,253.08,4,159.84
275,LUCKY-A1C1AD8C,Flash Sale SV,Fixed,50000,Student,456,17,1,2025-11-06,2025-12-06,0,,296.17,11,179.62
276,LUCKY-A2CD66A9,Back to School,Fixed,20000,Student,282,16,1,2025-02-02,2025-02-16,1,2025-02-12,95.57,24,41.11
277,LUCKY-7B187F04,Summer Gift,Fixed,50000,All,42,24,0,2025-04-06,2025-05-06,1,2025-04-11,298.11,11,53.62
278,LUCKY-7584DF74,Refer a Friend SV,Fixed,5000,Student,23,17,1,2025-07-12,2025-07-19,1,2025-07-20,188.76,62,79.49
279,LUCKY-A7781655,Welcome Back,Percent,15,Student,498,23,1,2025-06-26,2025-07-26,1,2025-07-03,168.53,72,167.42
280,LUCKY-CAA97BB5,Summer Gift,Fixed,50000,All,18,27,0,2025-02-13,2025-03-15,0,,1196.48,66,848.76
281,LUCKY-FA917DB0,Weekend Deal,Percent,10,Student,22,24,1,2025-03-07,2025-03-14,1,2025-03-10,410.2,79,135.51
282,LUCKY-F36B64A8,Welcome Back,Fixed,20000,Student,439,22,1,2025-09-13,2025-10-13,1,2025-09-19,140.86,18,164.51
283,LUCKY-19853C71,Refer a Friend SV,Fixed,5000,Student,494,23,1,2025-10-19,2025-11-18,1,2025-11-01,462.72,89,2.47
284,LUCKY-47F91544,Back to School,Fixed,50000,All,20,23,0,2025-08-19,2025-09-18,1,2025-08-27,1212.83,36,145.94
285,LUCKY-5E014C40,Refer a Friend SV,Fixed,5000,Student,26,22,1,2025-06-23,2025-06-30,0,,114.73,88,121.73
286,LUCKY-FF6E4381,Weekend Deal,Fixed,20000,All,69,28,0,2025-11-04,2025-11-11,0,,1814.66,38,69.22
287,LUCKY-259DD77D,Weekend Deal,Percent,15,Student,265,23,1,2025-07-24,2025-08-07,1,2025-08-06,398.31,53,64.17
288,LUCKY-1DF1A442,Flash Sale SV,Fixed,10000,All,17,21,0,2025-04-27,2025-05-04,1,2025-05-01,1127.49,39,201.02
289,LUCKY-93D3B541,Flash Sale SV,Fixed,5000,Student,492,21,1,2025-08-20,2025-09-03,1,2025-08-23,367.09,59,54.8
290,LUCKY-4983D90F,Flash Sale SV,Percent,20,All,495,38,0,2025-03-28,2025-04-27,1,2025-04-10,1192.4,33,377.04
291,LUCKY-FE5F47B9,Flash Sale SV,Fixed,5000,Student,308,19,1,2025-03-21,2025-03-28,0,,341.32,34,135.54
292,LUCKY-4FB1CC5E,Refer a Friend SV,Fixed,50000,All,239,27,0,2025-08-09,2025-08-16,0,,654.3,39,814.83
293,LUCKY-110D3571,Birthday Bonus,Percent,30,Student,153,24,1,2025-10-20,2025-11-03,0,,420.94,13,79.43
294,LUCKY-74202A3A,Back to School,Fixed,20000,Student,77,23,1,2025-11-10,2025-11-17,0,,78.73,81,197.67
295,LUCKY-00C6CA4C,Tet Student,Fixed,20000,Student,133,19,1,2025-11-16,2025-11-30,0,,454.86,76,161.09
296,LUCKY-55B36789,Summer Gift,Percent,20,All,465,32,0,2025-11-26,2025-12-10,0,,898.89,90,83.55
297,LUCKY-145B383B,Welcome Back,Percent,20,All,414,31,0,2025-12-09,2026-01-08,0,,1113.17,84,853.15
298,LUCKY-E83850A9,Birthday Bonus,Percent,15,Student,134,18,1,2025-05-14,2025-05-28,1,2025-05-20,476.12,83,179.92
299,LUCKY-F17BF178,Summer Gift,Percent,25,Student,153,23,1,2025-11-13,2025-12-13,0,,433.05,81,94.11
300,LUCKY-0D4BD075,Birthday Bonus,Fixed,10000,Student,250,18,1,2025-03-25,2025-04-01,0,,111.81,52,40.06
301,LUCKY-C20BD247,Tet Student,Fixed,10000,Student,67,18,1,2025-03-16,2025-03-23,0,,191.04,57,11.6
302,LUCKY-D2379103,Summer Gift,Percent,10,Student,98,22,1,2025-01-11,2025-02-10,0,,231.53,49,193.07
303,LUCKY-1D705E79,Tet Student,Fixed,20000,Student,34,16,1,2025-09-19,2025-10-03,1,2025-09-22,332.01,88,49.76
304,LUCKY-EE5D1D20,Tet Student,Fixed,50000,All,486,29,0,2025-08-12,2025-08-19,1,2025-08-15,1907.23,66,483.13
305,LUCKY-1D977506,Flash Sale SV,Percent,50,All,365,45,0,2025-03-04,2025-03-18,0,,926.1,16,267.0
306,LUCKY-FA251F08,Flash Sale SV,Percent,30,Student,25,16,1,2025-11-27,2025-12-04,0,,218.84,68,128.06
307,LUCKY-41A60781,Summer Gift,Fixed,10000,Student,216,22,1,2025-11-01,2025-11-15,0,,249.94,32,24.72
308,LUCKY-69D6E789,Welcome Back,Fixed,5000,Student,103,24,1,2025-02-16,2025-02-23,1,2025-02-26,171.49,17,121.13
309,LUCKY-F45AD553,Flash Sale SV,Fixed,10000,All,170,36,0,2025-04-23,2025-05-07,0,,1951.62,52,390.03
310,LUCKY-F58B0355,Welcome Back,Fixed,10000,Student,52,16,1,2025-02-24,2025-03-26,0,,352.23,73,181.38
311,LUCKY-659F50DE,Flash Sale SV,Fixed,50000,All,149,40,0,2025-03-28,2025-04-04,1,2025-04-11,616.09,37,989.23
312,LUCKY-0701B89E,Tet Student,Percent,15,Student,48,21,1,2025-08-20,2025-09-03,1,2025-09-01,241.7,5,23.18
313,LUCKY-DFC34C76,Weekend Deal,Fixed,50000,Student,58,21,1,2025-11-26,2025-12-03,0,,132.29,58,80.16
314,LUCKY-9EC11793,Weekend Deal,Fixed,50000,Student,15,16,1,2025-07-25,2025-08-08,1,2025-08-04,491.71,13,168.87
315,LUCKY-A6774986,Weekend Deal,Percent,25,All,361,43,0,2025-05-21,2025-06-04,1,2025-05-22,1952.2,62,174.12
316,LUCKY-32988C6A,Birthday Bonus,Percent,50,All,49,36,0,2025-12-23,2026-01-22,0,,1581.55,72,597.82
317,LUCKY-DD98FCFD,Flash Sale SV,Fixed,10000,Student,254,19,1,2025-03-17,2025-03-31,1,2025-03-31,266.87,82,132.74
318,LUCKY-CDDB2F83,Summer Gift,Fixed,5000,All,41,22,0,2025-07-13,2025-07-20,0,,1552.57,42,354.6
319,LUCKY-2AE2D4F0,Flash Sale SV,Percent,25,Student,1,23,1,2025-07-02,2025-08-01,1,2025-07-11,89.61,40,99.69
320,LUCKY-8D5C85D5,Weekend Deal,Percent,50,All,419,45,0,2025-06-27,2025-07-04,0,,1287.57,38,638.11
321,LUCKY-1DB4FCAC,Weekend Deal,Fixed,20000,Student,182,23,1,2025-11-08,2025-11-15,1,2025-11-14,199.39,76,153.48
322,LUCKY-9557BADA,Tet Student,Percent,10,All,210,45,0,2025-12-24,2026-01-23,0,,725.57,89,545.89
323,LUCKY-F5124F5B,Summer Gift,Percent,25,Student,24,19,1,2025-02-25,2025-03-11,0,,134.39,50,186.04
324,LUCKY-A56DEDE8,Weekend Deal,Fixed,10000,All,430,41,0,2025-12-02,2026-01-01,1,2025-12-09,1259.86,57,783.54
325,LUCKY-74DF2C0B,Tet Student,Percent,50,Student,259,24,1,2025-11-20,2025-12-20,1,2025-11-26,401.49,88,182.04
326,LUCKY-AD2CBDDB,Birthday Bonus,Fixed,50000,All,71,33,0,2025-08-26,2025-09-02,0,,1963.1,31,920.11
327,LUCKY-7068AB23,Summer Gift,Percent,15,Student,472,24,1,2025-05-22,2025-06-05,0,,184.51,40,140.3
328,LUCKY-B2833983,Weekend Deal,Percent,20,Student,346,18,1,2025-11-23,2025-12-07,0,,276.75,41,138.86
329,LUCKY-99CA1BD5,Refer a Friend SV,Percent,10,All,385,37,0,2025-11-02,2025-11-09,1,2025-11-07,714.67,1,854.94
330,LUCKY-3990D84C,Flash Sale SV,Fixed,10000,All,346,29,0,2025-08-04,2025-09-03,1,2025-08-18,1430.1,7,189.11
331,LUCKY-72BD4D02,Refer a Friend SV,Fixed,5000,All,7,27,0,2025-11-11,2025-12-11,1,2025-11-12,1536.34,30,583.21
332,LUCKY-972333A7,Birthday Bonus,Percent,50,All,101,26,0,2025-09-24,2025-10-24,0,,1317.01,56,791.88
333,LUCKY-97B9685D,Tet Student,Percent,15,All,220,26,0,2025-02-13,2025-02-20,0,,729.52,87,218.55
334,LUCKY-31F2E060,Weekend Deal,Percent,20,Student,476,20,1,2025-03-02,2025-03-09,0,,108.53,32,116.8
335,LUCKY-6494DBCD,Birthday Bonus,Fixed,50000,Student,490,16,1,2025-12-11,2026-01-10,1,2025-12-15,398.15,84,125.07
336,LUCKY-E1C079C0,Birthday Bonus,Fixed,5000,Student,185,17,1,2025-04-22,2025-05-06,1,2025-04-28,403.82,69,31.87
337,LUCKY-B0EA87D7,Birthday Bonus,Percent,10,Student,125,24,1,2025-11-20,2025-12-20,0,,263.69,83,112.27
338,LUCKY-859AAA30,Back to School,Fixed,20000,All,412,41,0,2025-09-27,2025-10-11,1,2025-10-06,1794.19,14,412.3
339,LUCKY-0DB19F87,Welcome Back,Fixed,5000,Student,34,23,1,2025-09-18,2025-09-25,1,2025-09-29,69.73,24,179.66
340,LUCKY-A1FAAA07,Refer a Friend SV,Percent,30,Student,79,19,1,2025-02-24,2025-03-26,0,,439.23,13,84.84
341,LUCKY-2938E07E,Summer Gift,Fixed,5000,Student,323,21,1,2025-07-13,2025-07-27,0,,67.05,22,14.65
342,LUCKY-C95EFEDC,Welcome Back,Percent,50,Student,435,21,1,2025-10-02,2025-11-01,0,,57.6,68,134.66
343,LUCKY-DB55D18B,Weekend Deal,Percent,20,Student,274,24,1,2025-11-01,2025-11-15,1,2025-11-04,97.76,38,157.38
344,LUCKY-A796D6DF,Birthday Bonus,Percent,20,Student,73,22,1,2025-01-18,2025-02-17,0,,408.55,37,169.89
345,LUCKY-A8DCEB98,Summer Gift,Percent,20,Student,212,16,1,2025-12-12,2025-12-19,0,,307.72,70,78.82
346,LUCKY-192061F0,Welcome Back,Fixed,10000,All,385,36,0,2025-10-28,2025-11-04,1,2025-11-11,456.42,78,224.79
347,LUCKY-A4897FE5,Welcome Back,Percent,20,All,66,37,0,2025-10-16,2025-10-30,1,2025-10-22,1030.28,37,572.18
348,LUCKY-080F4C30,Weekend Deal,Fixed,50000,Student,79,19,1,2025-11-10,2025-12-10,1,2025-11-20,95.02,24,123.9
349,LUCKY-1569948B,Summer Gift,Percent,20,Student,224,21,1,2025-12-24,2026-01-23,0,,413.46,21,191.73
350,LUCKY-B9076F81,Birthday Bonus,Fixed,50000,Student,90,21,1,2025-08-18,2025-08-25,0,,110.44,61,146.59
351,LUCKY-AD6D2DF9,Welcome Back,Percent,20,Student,324,17,1,2025-01-28,2025-02-27,0,,428.81,17,171.74
352,LUCKY-126D9893,Tet Student,Fixed,50000,Student,439,22,1,2025-04-25,2025-05-25,1,2025-05-07,396.14,4,42.55
353,LUCKY-19AEDE20,Summer Gift,Percent,50,Student,388,23,1,2025-10-22,2025-10-29,0,,275.51,46,18.11
354,LUCKY-AB6995A2,Weekend Deal,Percent,50,Student,119,23,1,2025-01-08,2025-01-22,0,,121.65,72,113.27
355,LUCKY-BB985E30,Weekend Deal,Fixed,50000,Student,166,21,1,2025-01-02,2025-02-01,0,,155.31,66,133.72
356,LUCKY-EB0CEA9D,Refer a Friend SV,Percent,25,Student,129,24,1,2025-11-27,2025-12-04,1,2025-12-06,335.11,33,54.7
357,LUCKY-197B0768,Flash Sale SV,Fixed,50000,Student,118,19,1,2025-03-15,2025-03-22,0,,282.37,44,70.58
358,LUCKY-4B0A266B,Summer Gift,Percent,50,Student,247,20,1,2025-06-24,2025-07-01,0,,145.18,46,37.38
359,LUCKY-EFDB8885,Flash Sale SV,Percent,15,Student,263,23,1,2025-10-06,2025-10-13,1,2025-10-17,144.82,52,32.25
360,LUCKY-EF18DDE9,Back to School,Fixed,5000,Student,242,18,1,2025-04-15,2025-05-15,0,,75.16,23,51.65
361,LUCKY-2599391B,Back to School,Percent,30,All,303,25,0,2025-11-11,2025-11-25,1,2025-11-21,594.85,18,440.23
362,LUCKY-9E5E075B,Welcome Back,Fixed,10000,Student,273,22,1,2025-10-20,2025-10-27,1,2025-11-02,223.46,25,21.71
363,LUCKY-951200C5,Refer a Friend SV,Percent,50,Student,358,17,1,2025-06-28,2025-07-05,0,,91.94,77,131.88
364,LUCKY-38E5CA7C,Refer a Friend SV,Fixed,5000,Student,43,19,1,2025-08-25,2025-09-01,1,2025-09-08,472.29,48,96.42
365,LUCKY-E0F0F31A,Welcome Back,Percent,30,Student,353,24,1,2025-07-21,2025-07-28,0,,233.89,90,37.8
366,LUCKY-7EF138DA,Refer a Friend SV,Fixed,20000,All,204,33,0,2025-10-09,2025-11-08,0,,852.09,83,197.04
367,LUCKY-CD669DCD,Back to School,Fixed,50000,All,204,33,0,2025-10-12,2025-11-11,0,,1193.79,22,579.68
368,LUCKY-CB2E7EC7,Summer Gift,Percent,10,All,315,41,0,2025-06-26,2025-07-26,0,,414.35,89,268.28
369,LUCKY-9C8C0023,Weekend Deal,Percent,15,Student,135,16,1,2025-07-03,2025-07-10,0,,122.33,0,192.91
370,LUCKY-11B5B9C7,Tet Student,Fixed,5000,Student,436,17,1,2025-08-01,2025-08-08,0,,324.06,51,144.9
371,LUCKY-81EBC1CA,Tet Student,Percent,30,Student,1,24,1,2025-06-08,2025-07-08,0,,178.7,76,6.72
372,LUCKY-7F4D86C0,Summer Gift,Fixed,50000,All,471,22,0,2025-12-23,2025-12-30,0,,1994.27,45,790.69
373,LUCKY-4217F399,Back to School,Fixed,20000,Student,3,20,1,2025-04-15,2025-04-29,1,2025-04-25,376.76,74,111.82
374,LUCKY-5331C01F,Welcome Back,Fixed,20000,Student,129,22,1,2025-05-18,2025-06-17,0,,277.81,64,111.73
375,LUCKY-F1AF1BBE,Flash Sale SV,Fixed,50000,Student,325,22,1,2025-05-03,2025-05-17,0,,303.43,43,153.99
376,LUCKY-70FCB8C8,Flash Sale SV,Fixed,20000,All,48,27,0,2025-05-08,2025-05-22,0,,1418.44,40,268.43
377,LUCKY-8A3CB6E4,Summer Gift,Fixed,20000,Student,350,21,1,2025-05-06,2025-06-05,0,,84.21,60,186.28
378,LUCKY-986B5C1C,Summer Gift,Fixed,10000,All,80,26,0,2025-04-27,2025-05-27,1,2025-05-03,1098.2,30,239.68
379,LUCKY-4390B7C3,Flash Sale SV,Fixed,5000,All,253,23,0,2025-06-20,2025-07-04,0,,1856.34,84,692.02
380,LUCKY-4F587EE4,Summer Gift,Fixed,50000,All,410,38,0,2025-03-02,2025-04-01,0,,1763.78,65,516.27
381,LUCKY-0CAA3BC4,Welcome Back,Percent,25,Student,5,24,1,2025-08-11,2025-09-10,0,,64.65,87,69.46
382,LUCKY-ACF65AE3,Back to School,Fixed,10000,Student,95,19,1,2025-08-20,2025-09-03,1,2025-08-26,220.74,46,20.15
383,LUCKY-F46D357B,Weekend Deal,Fixed,20000,Student,417,19,1,2025-03-19,2025-04-18,1,2025-03-23,238.59,46,150.44
384,LUCKY-0F6260E5,Tet Student,Percent,15,Student,256,20,1,2025-01-06,2025-01-20,0,,411.84,48,111.07
385,LUCKY-249B13A4,Flash Sale SV,Fixed,20000,Student,417,24,1,2025-12-06,2025-12-13,1,2025-12-10,290.29,62,63.15
386,LUCKY-B5F76D56,Birthday Bonus,Fixed,20000,Student,102,17,1,2025-02-12,2025-03-14,1,2025-02-22,252.43,46,66.93
387,LUCKY-1DCB9B4C,Weekend Deal,Fixed,50000,Student,238,24,1,2025-07-20,2025-08-03,0,,128.54,45,156.06
388,LUCKY-20C2B231,Welcome Back,Fixed,50000,Student,335,18,1,2025-06-08,2025-06-22,1,2025-06-14,440.72,43,128.12
389,LUCKY-7F0F6240,Refer a Friend SV,Fixed,50000,Student,339,20,1,2025-01-05,2025-02-04,1,2025-01-09,322.42,56,79.09
390,LUCKY-38BFDF0E,Flash Sale SV,Percent,25,Student,135,17,1,2025-07-17,2025-07-24,1,2025-07-19,144.76,12,79.41
391,LUCKY-6C544E45,Back to School,Percent,15,Student,430,17,1,2025-03-05,2025-04-04,0,,344.67,39,177.09
392,LUCKY-C9D3BC41,Back to School,Fixed,50000,Student,91,16,1,2025-03-23,2025-04-22,0,,348.6,41,172.07
393,LUCKY-892821C4,Birthday Bonus,Fixed,20000,Student,227,23,1,2025-04-26,2025-05-03,0,,333.97,72,127.17
394,LUCKY-4B1ECF1B,Back to School,Percent,20,Student,485,22,1,2025-01-23,2025-02-06,0,,166.91,0,60.71
395,LUCKY-BDE5F07A,Birthday Bonus,Percent,10,All,84,29,0,2025-09-14,2025-09-28,1,2025-09-18,216.44,37,458.91
396,LUCKY-FE24763A,Summer Gift,Percent,25,All,351,40,0,2025-10-26,2025-11-25,0,,901.5,33,409.44
397,LUCKY-7CCAF893,Back to School,Percent,15,Student,359,24,1,2025-08-20,2025-09-03,1,2025-08-25,413.96,8,82.58
398,LUCKY-DA644C60,Welcome Back,Percent,15,Student,5,19,1,2025-03-23,2025-04-06,1,2025-04-04,194.29,68,30.43
399,LUCKY-954028EA,Birthday Bonus,Fixed,50000,Student,432,18,1,2025-01-11,2025-01-18,0,,56.63,53,43.44
400,LUCKY-95CF496A,Summer Gift,Fixed,10000,All,425,24,0,2025-05-27,2025-06-10,0,,300.87,9,786.87
401,LUCKY-FFCD5B94,Weekend Deal,Percent,15,Student,107,19,1,2025-02-17,2025-03-19,0,,223.16,31,194.99
402,LUCKY-6E854C85,Weekend Deal,Percent,20,Student,443,20,1,2025-04-12,2025-04-19,0,,471.3,5,31.72
403,LUCKY-DFB9B7FE,Welcome Back,Percent,20,Student,402,17,1,2025-04-01,2025-04-08,1,2025-04-11,156.18,1,86.83
404,LUCKY-D9FDB972,Birthday Bonus,Fixed,5000,Student,183,18,1,2025-11-02,2025-11-09,0,,217.13,20,17.9
405,LUCKY-09875D09,Weekend Deal,Fixed,20000,Student,184,24,1,2025-01-23,2025-02-06,0,,406.16,29,25.17
406,LUCKY-38037C79,Summer Gift,Fixed,50000,All,375,28,0,2025-09-12,2025-09-26,0,,1817.59,56,511.04
407,LUCKY-84540C89,Birthday Bonus,Fixed,20000,Student,376,24,1,2025-11-17,2025-12-01,0,,122.15,57,106.23
408,LUCKY-28F73400,Welcome Back,Percent,20,Student,98,16,1,2025-09-27,2025-10-11,0,,328.88,79,72.82
409,LUCKY-AD3BCEBA,Birthday Bonus,Fixed,50000,Student,428,23,1,2025-09-22,2025-09-29,1,2025-09-23,394.58,36,30.83
410,LUCKY-B4078BD8,Flash Sale SV,Percent,10,All,270,25,0,2025-07-22,2025-08-05,0,,1772.29,62,241.98
411,LUCKY-16291DC6,Weekend Deal,Percent,15,Student,32,20,1,2025-02-15,2025-03-17,0,,72.09,9,44.14
412,LUCKY-97ECDB14,Welcome Back,Fixed,5000,Student,50,22,1,2025-02-07,2025-03-09,0,,419.91,7,158.85
413,LUCKY-9A2007A0,Tet Student,Percent,30,Student,55,19,1,2025-09-14,2025-10-14,0,,289.25,67,37.89
414,LUCKY-4BB78C00,Tet Student,Fixed,5000,All,173,38,0,2025-09-13,2025-10-13,0,,844.33,85,485.78
415,LUCKY-DCDE0CAC,Birthday Bonus,Fixed,20000,Student,166,24,1,2025-11-14,2025-12-14,0,,499.3,45,88.6
416,LUCKY-CC25E6F7,Weekend Deal,Fixed,50000,Student,146,24,1,2025-01-24,2025-01-31,0,,146.27,32,153.14
417,LUCKY-ECD43568,Summer Gift,Fixed,10000,Student,422,24,1,2025-01-25,2025-02-24,0,,110.79,0,178.06
418,LUCKY-A50A10A6,Flash Sale SV,Percent,10,Student,188,24,1,2025-03-05,2025-03-19,0,,280.07,73,114.13
419,LUCKY-0B1BED7A,Welcome Back,Fixed,10000,All,423,27,0,2025-08-06,2025-08-20,0,,619.39,11,820.52
420,LUCKY-D4E34EDC,Refer a Friend SV,Fixed,5000,All,451,42,0,2025-01-25,2025-02-08,1,2025-01-31,1237.22,76,912.27
421,LUCKY-AFE50FBE,Refer a Friend SV,Percent,50,All,290,33,0,2025-09-02,2025-09-16,1,2025-09-11,1874.44,29,164.51
422,LUCKY-DFC36FF2,Welcome Back,Fixed,50000,Student,68,24,1,2025-05-26,2025-06-09,1,2025-05-29,364.0,86,30.64
423,LUCKY-9A1F6BFC,Refer a Friend SV,Fixed,5000,Student,247,23,1,2025-12-05,2025-12-12,0,,307.15,51,9.86
424,LUCKY-1429117A,Welcome Back,Percent,15,Student,46,23,1,2025-07-11,2025-08-10,1,2025-07-21,227.89,71,114.27
425,LUCKY-7A78702B,Back to School,Fixed,5000,Student,75,22,1,2025-06-20,2025-07-04,1,2025-06-30,240.59,41,69.66
426,LUCKY-F33CD78C,Flash Sale SV,Percent,50,Student,176,19,1,2025-10-05,2025-10-19,1,2025-10-06,139.86,10,74.76
427,LUCKY-E533BA72,Summer Gift,Percent,50,Student,248,17,1,2025-09-25,2025-10-09,1,2025-10-04,187.3,42,94.24
428,LUCKY-B61280C9,Tet Student,Percent,20,Student,139,18,1,2025-04-26,2025-05-26,1,2025-05-06,362.78,48,133.65
429,LUCKY-B8FB12D8,Flash Sale SV,Fixed,5000,Student,261,16,1,2025-11-13,2025-11-20,1,2025-11-20,79.97,84,132.07
430,LUCKY-A2A634C7,Summer Gift,Percent,15,All,12,23,0,2025-08-18,2025-09-17,0,,1826.97,76,510.43
431,LUCKY-84E8AAC7,Birthday Bonus,Percent,20,Student,416,24,1,2025-05-08,2025-06-07,1,2025-05-13,187.22,20,97.99
432,LUCKY-E623AEE7,Tet Student,Fixed,10000,Student,374,20,1,2025-07-22,2025-07-29,1,2025-07-24,445.4,3,178.08
433,LUCKY-1CF542DF,Weekend Deal,Fixed,20000,Student,298,19,1,2025-04-21,2025-04-28,0,,237.8,54,114.58
434,LUCKY-0FF29D18,Tet Student,Percent,25,Student,35,19,1,2025-10-06,2025-10-20,0,,438.16,90,61.8
435,LUCKY-A37C9153,Refer a Friend SV,Percent,20,Student,479,17,1,2025-05-15,2025-06-14,0,,132.86,18,167.9
436,LUCKY-887D1264,Tet Student,Percent,15,All,291,40,0,2025-10-20,2025-11-03,1,2025-10-30,1879.85,24,310.11
437,LUCKY-A0454A13,Weekend Deal,Fixed,10000,Student,252,19,1,2025-06-06,2025-06-20,0,,153.91,10,5.22
438,LUCKY-6B80400E,Summer Gift,Fixed,50000,Student,34,18,1,2025-04-25,2025-05-02,0,,136.97,1,6.45
439,LUCKY-3385B36C,Refer a Friend SV,Fixed,10000,Student,423,23,1,2025-01-20,2025-02-19,0,,440.21,41,97.99
440,LUCKY-0235A60C,Welcome Back,Percent,30,Student,276,21,1,2025-01-08,2025-02-07,0,,227.37,73,187.83
441,LUCKY-B979A4D9,Back to School,Percent,15,Student,237,16,1,2025-05-25,2025-06-08,0,,300.97,80,103.23
442,LUCKY-7864D1F0,Weekend Deal,Percent,25,Student,300,20,1,2025-09-04,2025-09-11,1,2025-09-17,325.91,66,10.91
443,LUCKY-BFC7CAE7,Tet Student,Fixed,5000,All,47,42,0,2025-12-07,2025-12-21,0,,1183.53,41,423.41
444,LUCKY-0FB43946,Welcome Back,Fixed,20000,Student,314,18,1,2025-07-24,2025-08-23,0,,373.27,14,24.71
445,LUCKY-C0C734C1,Tet Student,Fixed,10000,All,27,32,0,2025-03-25,2025-04-24,0,,1190.62,21,91.71
446,LUCKY-AF035126,Tet Student,Percent,10,Student,7,20,1,2025-01-20,2025-02-03,0,,378.57,36,192.19
447,LUCKY-F69226B5,Weekend Deal,Percent,15,Student,308,23,1,2025-08-03,2025-09-02,0,,294.58,63,1.15
448,LUCKY-C27E06F5,Tet Student,Percent,15,Student,17,24,1,2025-06-02,2025-06-09,1,2025-06-16,175.15,26,125.73
449,LUCKY-596C7D93,Tet Student,Fixed,10000,Student,359,20,1,2025-10-22,2025-11-21,0,,199.0,13,17.54
450,LUCKY-E9E769EF,Welcome Back,Fixed,5000,Student,420,24,1,2025-06-12,2025-06-26,0,,129.84,74,91.07
451,LUCKY-6C1D285D,Back to School,Percent,10,Student,108,22,1,2025-07-17,2025-07-24,1,2025-07-29,429.49,60,12.99
452,LUCKY-9C56580C,Back to School,Percent,25,Student,295,17,1,2025-06-09,2025-07-09,0,,307.12,67,195.87
453,LUCKY-D2BF88B8,Tet Student,Fixed,50000,All,100,31,0,2025-04-23,2025-05-07,0,,1868.79,63,633.58
454,LUCKY-9A10E012,Flash Sale SV,Fixed,50000,Student,6,16,1,2025-09-26,2025-10-26,1,2025-09-30,259.2,26,159.35
455,LUCKY-20C18BA2,Welcome Back,Fixed,5000,Student,292,20,1,2025-06-13,2025-07-13,0,,164.49,38,13.57
456,LUCKY-137FD253,Flash Sale SV,Fixed,50000,Student,236,16,1,2025-08-05,2025-09-04,0,,424.42,43,38.8
457,LUCKY-7A23DDF1,Back to School,Percent,30,All,275,37,0,2025-11-11,2025-12-11,0,,1812.67,52,489.35
458,LUCKY-B6FCD05E,Back to School,Percent,15,Student,274,21,1,2025-06-13,2025-07-13,0,,409.79,45,177.61
459,LUCKY-89A1C0ED,Flash Sale SV,Fixed,20000,All,232,38,0,2025-02-16,2025-02-23,1,2025-02-22,1290.24,14,228.01
460,LUCKY-FF2BD46F,Summer Gift,Fixed,5000,All,410,29,0,2025-08-17,2025-08-24,0,,589.05,14,337.2
461,LUCKY-25C6B05D,Tet Student,Fixed,20000,Student,347,24,1,2025-02-27,2025-03-29,0,,119.33,61,68.02
462,LUCKY-02B6D694,Back to School,Percent,10,All,447,26,0,2025-11-28,2025-12-28,0,,1504.23,66,486.4
463,LUCKY-AD0F30B8,Back to School,Fixed,5000,Student,99,23,1,2025-04-11,2025-04-18,0,,450.13,84,20.62
464,LUCKY-C7593E35,Tet Student,Fixed,10000,Student,53,24,1,2025-01-20,2025-02-19,1,2025-01-29,193.62,15,88.22
465,LUCKY-1EB20A1D,Tet Student,Fixed,10000,Student,26,21,1,2025-10-11,2025-11-10,1,2025-10-19,297.21,90,54.21
466,LUCKY-418C361B,Refer a Friend SV,Percent,10,Student,429,23,1,2025-12-20,2026-01-19,1,2025-12-31,456.48,49,10.09
467,LUCKY-7057F550,Tet Student,Percent,25,Student,159,23,1,2025-12-15,2025-12-22,1,2025-12-23,327.34,25,62.49
468,LUCKY-62E946F1,Refer a Friend SV,Fixed,20000,Student,250,23,1,2025-11-11,2025-11-25,1,2025-11-19,261.75,18,189.49
469,LUCKY-B0AF178B,Tet Student,Fixed,20000,Student,408,23,1,2025-07-27,2025-08-26,0,,100.8,21,95.73
470,LUCKY-CBC02CB0,Refer a Friend SV,Fixed,50000,Student,197,24,1,2025-04-18,2025-04-25,1,2025-04-26,342.25,68,158.49
471,LUCKY-BD0F2B89,Tet Student,Fixed,10000,Student,294,19,1,2025-02-24,2025-03-26,0,,416.26,55,118.19
472,LUCKY-6DA47715,Tet Student,Percent,25,All,351,23,0,2025-07-03,2025-08-02,1,2025-07-05,1265.89,71,489.76
473,LUCKY-BD84E7C7,Summer Gift,Percent,10,All,415,44,0,2025-10-25,2025-11-24,0,,1675.76,82,361.04
474,LUCKY-CA7B604B,Summer Gift,Fixed,50000,Student,468,18,1,2025-06-10,2025-07-10,1,2025-06-23,347.4,37,90.59
475,LUCKY-BDEEE729,Refer a Friend SV,Percent,30,Student,462,22,1,2025-05-02,2025-05-16,0,,373.01,11,183.02
476,LUCKY-FCD0F38A,Flash Sale SV,Percent,20,Student,163,16,1,2025-12-19,2026-01-02,1,2025-12-30,50.38,45,112.01
477,LUCKY-0018C453,Tet Student,Percent,25,All,214,32,0,2025-07-27,2025-08-10,1,2025-08-10,886.82,84,567.86
478,LUCKY-74BE5AD9,Weekend Deal,Percent,50,Student,329,18,1,2025-03-03,2025-03-10,0,,110.42,2,14.35
479,LUCKY-02476CD8,Refer a Friend SV,Percent,25,All,116,34,0,2025-08-13,2025-08-27,0,,1808.45,54,710.62
480,LUCKY-F957BCD5,Birthday Bonus,Fixed,50000,Student,189,16,1,2025-01-19,2025-02-02,1,2025-01-31,310.07,30,169.36
481,LUCKY-5526F195,Welcome Back,Fixed,50000,Student,242,23,1,2025-10-03,2025-10-10,0,,482.78,67,16.01
482,LUCKY-24CF3B83,Birthday Bonus,Fixed,5000,Student,263,17,1,2025-01-16,2025-01-30,0,,357.83,74,107.84
483,LUCKY-4FA8643F,Flash Sale SV,Fixed,10000,All,373,38,0,2025-10-24,2025-11-07,0,,1520.87,37,449.97
484,LUCKY-2FDF4181,Back to School,Percent,50,All,249,28,0,2025-10-01,2025-10-15,0,,310.55,21,499.5
485,LUCKY-5C79C28C,Back to School,Percent,30,Student,310,24,1,2025-05-01,2025-05-31,1,2025-05-03,84.59,32,156.75
486,LUCKY-D6EAA88C,Weekend Deal,Fixed,10000,Student,44,18,1,2025-09-28,2025-10-05,1,2025-10-04,346.62,22,73.95
487,LUCKY-E148D217,Summer Gift,Fixed,50000,All,108,39,0,2025-12-21,2025-12-28,0,,1881.1,63,196.44
488,LUCKY-A03AFC51,Weekend Deal,Percent,15,Student,473,21,1,2025-05-16,2025-06-15,1,2025-05-29,74.45,14,52.88
489,LUCKY-03CC6B7E,Refer a Friend SV,Percent,30,Student,493,22,1,2025-08-13,2025-09-12,1,2025-08-19,357.58,33,78.01
490,LUCKY-A84CAC3A,Birthday Bonus,Fixed,20000,Student,201,16,1,2025-02-09,2025-03-11,1,2025-02-19,93.81,45,106.26
491,LUCKY-B7C57056,Birthday Bonus,Fixed,10000,Student,7,19,1,2025-11-01,2025-11-08,0,,380.44,24,117.74
492,LUCKY-875D6053,Summer Gift,Fixed,20000,Student,337,24,1,2025-10-03,2025-10-10,1,2025-10-13,96.76,28,89.19
493,LUCKY-1D9DC0E7,Tet Student,Percent,10,All,357,26,0,2025-11-19,2025-11-26,1,2025-11-21,1910.88,90,656.18
494,LUCKY-7BC3C611,Refer a Friend SV,Fixed,20000,Student,132,20,1,2025-11-25,2025-12-09,0,,260.13,81,187.24
495,LUCKY-84AFA6D2,Back to School,Fixed,5000,Student,36,17,1,2025-05-06,2025-05-20,0,,174.78,49,12.48
496,LUCKY-81D4FFE0,Refer a Friend SV,Percent,15,Student,133,19,1,2025-11-04,2025-11-18,1,2025-11-16,324.64,62,35.69
497,LUCKY-C946054C,Tet Student,Percent,25,Student,200,17,1,2025-01-02,2025-02-01,0,,81.69,57,145.51
498,LUCKY-5D4F7205,Refer a Friend SV,Fixed,50000,Student,277,21,1,2025-12-25,2026-01-01,0,,457.08,65,114.93
499,LUCKY-8D344C80,Birthday Bonus,Percent,30,Student,491,22,1,2025-05-13,2025-05-20,1,2025-05-24,479.37,61,163.6
500,LUCKY-74B76AC1,Summer Gift,Fixed,20000,Student,154,21,1,2025-01-13,2025-02-12,1,2025-01-17,290.58,10,192.19
501,LUCKY-DD446F35,Tet Student,Fixed,10000,Student,251,17,1,2025-01-24,2025-02-23,1,2025-01-28,333.78,10,71.85
502,LUCKY-B67FE314,Birthday Bonus,Percent,10,Student,109,24,1,2025-12-02,2025-12-16,1,2025-12-04,339.53,57,99.94
503,LUCKY-B5CE70B7,Summer Gift,Percent,50,All,251,41,0,2025-01-24,2025-01-31,0,,1141.62,68,943.09
504,LUCKY-433C1CB0,Tet Student,Percent,10,Student,234,23,1,2025-05-27,2025-06-03,0,,458.23,31,123.67
505,LUCKY-7BB0971F,Summer Gift,Percent,10,Student,167,17,1,2025-12-22,2026-01-05,0,,418.01,63,21.27
506,LUCKY-EBC8291D,Tet Student,Percent,30,Student,213,24,1,2025-02-09,2025-02-16,1,2025-02-22,111.8,27,167.29
507,LUCKY-CBC13F4C,Welcome Back,Percent,15,Student,399,21,1,2025-11-20,2025-12-04,0,,299.03,74,87.73
508,LUCKY-30FEDA1E,Weekend Deal,Fixed,50000,Student,139,23,1,2025-04-05,2025-05-05,0,,86.33,11,1.44
509,LUCKY-DDCABDA1,Tet Student,Percent,30,Student,424,22,1,2025-10-03,2025-11-02,0,,157.66,88,34.91
510,LUCKY-37FC5FB3,Welcome Back,Percent,30,All,238,31,0,2025-09-17,2025-09-24,0,,953.81,24,579.82
511,LUCKY-60816023,Weekend Deal,Percent,50,All,28,41,0,2025-03-22,2025-03-29,0,,574.6,14,100.42
512,LUCKY-5CB8CA36,Welcome Back,Fixed,5000,Student,403,20,1,2025-09-06,2025-09-13,0,,144.32,78,50.28
513,LUCKY-51AB3F99,Summer Gift,Fixed,50000,Student,167,24,1,2025-06-08,2025-06-15,0,,102.23,56,179.02
514,LUCKY-14027124,Weekend Deal,Percent,10,Student,111,19,1,2025-01-14,2025-01-21,0,,381.99,48,173.98
515,LUCKY-861CA1B6,Birthday Bonus,Percent,50,All,17,34,0,2025-04-11,2025-04-18,0,,520.51,58,404.81
516,LUCKY-1005959D,Tet Student,Fixed,50000,Student,81,16,1,2025-04-10,2025-05-10,0,,176.27,59,22.22
517,LUCKY-DDB5A0BD,Refer a Friend SV,Percent,10,All,303,40,0,2025-08-28,2025-09-04,0,,1914.97,73,910.3
518,LUCKY-4B346FAA,Refer a Friend SV,Percent,20,Student,460,23,1,2025-10-05,2025-11-04,0,,175.63,31,146.0
519,LUCKY-3815DAD6,Refer a Friend SV,Percent,25,Student,232,16,1,2025-12-27,2026-01-03,0,,68.03,64,94.13
520,LUCKY-964922B9,Birthday Bonus,Percent,15,Student,343,17,1,2025-11-03,2025-11-10,1,2025-11-11,301.32,52,2.48
521,LUCKY-F9BD0B85,Tet Student,Fixed,50000,Student,321,23,1,2025-07-06,2025-07-20,0,,436.06,3,149.46
522,LUCKY-D48F52A0,Back to School,Fixed,5000,Student,278,16,1,2025-05-23,2025-06-22,0,,437.17,88,14.14
523,LUCKY-174371FE,Birthday Bonus,Percent,30,Student,239,19,1,2025-02-13,2025-02-27,0,,404.46,42,16.19
524,LUCKY-F27FAF3E,Summer Gift,Percent,30,Student,333,21,1,2025-06-08,2025-07-08,1,2025-06-10,214.89,90,129.63
525,LUCKY-A62B8CF4,Refer a Friend SV,Fixed,20000,Student,249,19,1,2025-02-12,2025-02-26,1,2025-02-20,388.93,41,152.18
526,LUCKY-B2A0CE66,Birthday Bonus,Fixed,50000,Student,97,17,1,2025-12-26,2026-01-02,0,,261.57,68,106.38
527,LUCKY-89AB45AA,Welcome Back,Fixed,5000,All,78,34,0,2025-02-23,2025-03-02,1,2025-03-03,357.16,22,421.15
528,LUCKY-423D23E0,Birthday Bonus,Percent,25,All,150,36,0,2025-12-21,2025-12-28,0,,1913.79,53,71.56
529,LUCKY-3E14A6AA,Birthday Bonus,Fixed,50000,Student,341,16,1,2025-06-16,2025-07-16,0,,442.31,66,46.47
530,LUCKY-5312847D,Back to School,Fixed,10000,Student,181,24,1,2025-06-10,2025-06-17,1,2025-06-13,250.37,16,60.82
531,LUCKY-2ADF812C,Tet Student,Fixed,10000,Student,83,18,1,2025-12-22,2025-12-29,0,,328.38,68,32.16
532,LUCKY-74ECD76F,Tet Student,Fixed,20000,Student,177,16,1,2025-12-02,2026-01-01,1,2025-12-08,497.2,56,114.91
533,LUCKY-9C915979,Refer a Friend SV,Percent,10,Student,80,23,1,2025-03-15,2025-03-29,0,,292.94,38,32.52
534,LUCKY-FE1E8908,Back to School,Fixed,50000,Student,410,24,1,2025-10-22,2025-10-29,0,,489.02,90,66.26
535,LUCKY-4EF7CF16,Welcome Back,Percent,15,Student,183,23,1,2025-07-20,2025-07-27,1,2025-07-28,202.41,61,22.46
536,LUCKY-773DDE54,Summer Gift,Percent,20,Student,344,16,1,2025-09-28,2025-10-12,1,2025-10-09,323.67,67,39.03
537,LUCKY-DC36EE28,Birthday Bonus,Percent,50,All,198,36,0,2025-12-28,2026-01-11,1,2026-01-03,909.96,77,515.94
538,LUCKY-973422F5,Weekend Deal,Percent,15,Student,148,20,1,2025-07-26,2025-08-09,0,,205.21,57,61.62
539,LUCKY-8760789C,Summer Gift,Percent,15,Student,388,22,1,2025-09-11,2025-09-18,1,2025-09-21,377.87,75,82.84
540,LUCKY-258211A8,Weekend Deal,Percent,30,Student,427,16,1,2025-03-07,2025-03-14,0,,234.26,53,182.88
541,LUCKY-9D28CC4A,Weekend Deal,Fixed,50000,Student,490,24,1,2025-01-05,2025-01-19,1,2025-01-10,270.76,38,164.56
542,LUCKY-256F6A10,Weekend Deal,Fixed,10000,Student,62,23,1,2025-11-08,2025-11-15,0,,105.88,36,133.18
543,LUCKY-1C17B934,Back to School,Fixed,50000,All,192,35,0,2025-08-23,2025-08-30,0,,1989.8,46,113.39
544,LUCKY-8360B576,Weekend Deal,Percent,20,Student,28,16,1,2025-03-12,2025-03-19,0,,430.38,7,32.57
545,LUCKY-EEC92436,Welcome Back,Fixed,20000,Student,307,22,1,2025-11-06,2025-11-13,0,,336.31,6,191.03
546,LUCKY-90D1D52C,Birthday Bonus,Fixed,20000,All,71,37,0,2025-10-12,2025-10-19,1,2025-10-13,780.69,87,350.4
547,LUCKY-4E4867D9,Tet Student,Percent,15,Student,315,21,1,2025-04-26,2025-05-26,0,,400.46,20,82.4
548,LUCKY-2DA25D80,Weekend Deal,Percent,25,Student,473,24,1,2025-02-27,2025-03-06,0,,430.73,89,142.51
549,LUCKY-B45AC70B,Back to School,Fixed,10000,Student,356,21,1,2025-02-08,2025-02-15,1,2025-02-22,190.21,56,72.51
550,LUCKY-35D10184,Welcome Back,Fixed,5000,Student,101,19,1,2025-08-25,2025-09-08,1,2025-08-26,188.34,10,41.97
551,LUCKY-C9D16441,Back to School,Percent,10,Student,472,24,1,2025-02-26,2025-03-05,0,,316.93,32,93.82
552,LUCKY-3EDCF716,Back to School,Percent,50,Student,438,19,1,2025-06-12,2025-06-19,0,,133.15,11,70.31
553,LUCKY-F56A5D25,Summer Gift,Percent,30,Student,3,19,1,2025-05-06,2025-06-05,0,,277.21,74,13.67
554,LUCKY-6768DE0C,Tet Student,Fixed,20000,All,195,23,0,2025-02-06,2025-02-20,0,,1863.62,90,924.45
555,LUCKY-393AF1D1,Welcome Back,Percent,25,Student,361,24,1,2025-08-25,2025-09-08,0,,152.4,40,22.57
556,LUCKY-932D110A,Back to School,Fixed,50000,Student,209,16,1,2025-08-08,2025-09-07,0,,87.01,49,98.74
557,LUCKY-68CEBF3C,Flash Sale SV,Fixed,10000,Student,203,22,1,2025-08-22,2025-08-29,0,,134.95,60,13.92
558,LUCKY-5A1DF170,Tet Student,Percent,50,Student,433,17,1,2025-04-11,2025-04-18,1,2025-04-21,103.65,88,78.96
559,LUCKY-FE8097A8,Refer a Friend SV,Fixed,20000,All,262,23,0,2025-11-20,2025-12-04,1,2025-11-28,619.17,63,453.47
560,LUCKY-EF105E53,Tet Student,Percent,50,Student,348,23,1,2025-12-02,2025-12-09,1,2025-12-10,98.62,63,50.14
561,LUCKY-46C51098,Welcome Back,Fixed,5000,Student,406,18,1,2025-09-25,2025-10-09,0,,222.18,19,135.84
562,LUCKY-258AF1E9,Flash Sale SV,Fixed,5000,Student,162,20,1,2025-02-13,2025-02-27,0,,347.94,33,98.05
563,LUCKY-6695FDE8,Weekend Deal,Fixed,10000,All,250,34,0,2025-05-23,2025-06-06,0,,1027.38,71,81.22
564,LUCKY-9632B2C3,Tet Student,Fixed,50000,All,303,38,0,2025-07-09,2025-07-23,0,,1415.04,87,677.07
565,LUCKY-A666C35D,Flash Sale SV,Fixed,5000,All,179,39,0,2025-03-27,2025-04-10,0,,1417.68,36,778.15
566,LUCKY-E5C517C0,Refer a Friend SV,Fixed,5000,All,339,38,0,2025-06-14,2025-06-28,1,2025-06-15,248.42,43,896.78
567,LUCKY-5F944D6C,Welcome Back,Percent,20,Student,236,19,1,2025-01-18,2025-02-01,1,2025-01-19,341.64,88,118.51
568,LUCKY-3BB518D2,Weekend Deal,Percent,50,Student,200,22,1,2025-06-13,2025-07-13,0,,305.62,34,180.28
569,LUCKY-4AC196DF,Weekend Deal,Percent,20,Student,315,17,1,2025-11-11,2025-11-18,0,,413.75,86,20.01
570,LUCKY-0CE7A320,Back to School,Percent,20,Student,381,22,1,2025-10-13,2025-10-20,1,2025-10-23,140.79,9,127.09
571,LUCKY-9C6C51F0,Weekend Deal,Fixed,5000,All,334,42,0,2025-06-26,2025-07-03,0,,1719.54,43,140.0
572,LUCKY-335EF9A3,Refer a Friend SV,Fixed,10000,All,344,36,0,2025-10-17,2025-10-31,0,,1647.43,69,461.26
573,LUCKY-A86EE185,Weekend Deal,Percent,30,All,273,25,0,2025-12-15,2025-12-29,1,2025-12-26,1785.61,66,646.45
574,LUCKY-B72ACCD9,Summer Gift,Percent,30,All,351,44,0,2025-03-08,2025-03-15,1,2025-03-20,1832.3,80,937.9
575,LUCKY-B9E63FB4,Back to School,Percent,25,All,352,33,0,2025-11-06,2025-11-20,0,,938.47,8,867.18
576,LUCKY-C675E5D1,Weekend Deal,Percent,20,Student,464,22,1,2025-07-14,2025-08-13,0,,157.32,3,29.99
577,LUCKY-F7782E15,Flash Sale SV,Percent,50,Student,29,18,1,2025-08-26,2025-09-02,0,,172.72,35,5.83
578,LUCKY-56FCC6FA,Welcome Back,Fixed,20000,All,58,22,0,2025-12-27,2026-01-03,1,2025-12-31,765.03,8,333.08
579,LUCKY-7D58B9C8,Welcome Back,Fixed,50000,Student,427,24,1,2025-02-25,2025-03-11,1,2025-03-03,469.82,74,104.39
580,LUCKY-9625E0D9,Welcome Back,Percent,15,Student,442,22,1,2025-05-15,2025-05-29,1,2025-05-20,412.63,54,148.79
581,LUCKY-D8E3CF55,Weekend Deal,Fixed,50000,Student,186,23,1,2025-05-26,2025-06-02,0,,290.06,14,139.92
582,LUCKY-2F47D568,Flash Sale SV,Percent,50,Student,283,21,1,2025-11-08,2025-11-22,0,,419.61,77,4.21
583,LUCKY-016CB8E5,Refer a Friend SV,Percent,25,Student,480,21,1,2025-07-09,2025-07-23,1,2025-07-11,456.42,68,137.05
584,LUCKY-AC6F6691,Refer a Friend SV,Fixed,20000,All,422,27,0,2025-05-28,2025-06-04,0,,735.36,20,866.45
585,LUCKY-EAFF8942,Tet Student,Fixed,5000,All,216,35,0,2025-09-03,2025-09-17,0,,1047.96,42,442.31
586,LUCKY-D5283C06,Tet Student,Percent,50,Student,206,24,1,2025-11-05,2025-11-12,0,,382.0,3,90.65
587,LUCKY-E5D14EE4,Tet Student,Percent,30,Student,232,20,1,2025-11-14,2025-11-28,0,,191.17,20,16.45
588,LUCKY-5F8489B4,Welcome Back,Fixed,10000,Student,484,18,1,2025-03-13,2025-03-27,0,,167.31,41,137.49
589,LUCKY-897D96D0,Weekend Deal,Percent,10,All,206,38,0,2025-12-28,2026-01-04,1,2025-12-29,604.08,71,950.7
590,LUCKY-6DA53843,Refer a Friend SV,Percent,10,Student,254,20,1,2025-08-27,2025-09-26,0,,117.16,21,191.61
591,LUCKY-B9640A3B,Refer a Friend SV,Fixed,50000,Student,145,19,1,2025-04-20,2025-04-27,1,2025-05-04,135.74,34,172.39
592,LUCKY-97CE4A86,Back to School,Percent,20,All,351,26,0,2025-08-08,2025-08-22,1,2025-08-18,953.0,18,438.1
593,LUCKY-731AD872,Refer a Friend SV,Fixed,10000,Student,38,17,1,2025-12-20,2026-01-03,0,,54.64,41,26.64
594,LUCKY-9F0F46CC,Flash Sale SV,Fixed,5000,Student,344,16,1,2025-10-13,2025-10-27,1,2025-10-20,73.45,60,186.21
595,LUCKY-A09159C0,Weekend Deal,Fixed,20000,Student,73,24,1,2025-06-23,2025-07-23,1,2025-06-30,68.51,21,35.87
596,LUCKY-15E01C6C,Back to School,Fixed,50000,Student,265,21,1,2025-05-20,2025-06-03,0,,69.87,35,25.57
597,LUCKY-8B9F19ED,Summer Gift,Fixed,5000,Student,134,18,1,2025-04-06,2025-04-13,1,2025-04-14,191.99,19,198.91
598,LUCKY-53FAF648,Birthday Bonus,Percent,25,Student,253,23,1,2025-09-16,2025-09-30,0,,246.39,63,199.04
599,LUCKY-56DA2FD6,Back to School,Percent,15,Student,299,18,1,2025-11-19,2025-11-26,0,,105.64,36,18.72
600,LUCKY-5726ECE8,Weekend Deal,Percent,15,All,349,20,0,2025-06-01,2025-06-15,0,,1146.83,53,592.25
601,LUCKY-0AB88999,Flash Sale SV,Fixed,10000,All,322,23,0,2025-12-22,2026-01-05,1,2025-12-30,909.51,13,610.82
602,LUCKY-EA9649E9,Tet Student,Fixed,20000,All,166,39,0,2025-01-26,2025-02-25,1,2025-01-31,1384.41,5,362.96
603,LUCKY-1E1B7F62,Back to School,Percent,25,All,107,43,0,2025-07-03,2025-07-10,1,2025-07-17,327.3,48,954.31
604,LUCKY-A1BB6BC4,Back to School,Percent,10,Student,463,22,1,2025-07-24,2025-08-07,0,,178.22,83,150.51
605,LUCKY-7A3ADF29,Weekend Deal,Percent,25,Student,308,18,1,2025-08-09,2025-09-08,0,,211.57,47,19.22
606,LUCKY-E5169A67,Flash Sale SV,Fixed,5000,Student,332,22,1,2025-08-22,2025-08-29,0,,414.95,55,122.77
607,LUCKY-B0C78943,Weekend Deal,Percent,20,Student,66,18,1,2025-08-10,2025-08-17,0,,468.8,82,105.46
608,LUCKY-9519F5C5,Welcome Back,Percent,30,Student,218,20,1,2025-09-04,2025-10-04,0,,428.69,37,104.62
609,LUCKY-5932B47C,Welcome Back,Fixed,20000,Student,339,23,1,2025-01-04,2025-02-03,0,,347.38,32,113.7
610,LUCKY-B5A5274F,Weekend Deal,Fixed,20000,Student,175,18,1,2025-08-20,2025-09-03,0,,429.31,53,9.05
611,LUCKY-3941CD36,Refer a Friend SV,Fixed,5000,All,7,45,0,2025-01-13,2025-01-20,0,,536.95,77,225.83
612,LUCKY-E66D7E99,Birthday Bonus,Fixed,20000,Student,412,23,1,2025-12-22,2026-01-05,0,,257.07,84,81.02
613,LUCKY-A134BC3D,Summer Gift,Percent,10,Student,224,18,1,2025-03-21,2025-03-28,0,,110.8,2,38.16
614,LUCKY-63E23B9D,Refer a Friend SV,Percent,25,All,228,45,0,2025-03-05,2025-04-04,1,2025-03-17,1169.45,59,131.79
615,LUCKY-2368DA46,Refer a Friend SV,Percent,20,All,366,35,0,2025-01-04,2025-02-03,1,2025-01-18,235.33,31,477.04
616,LUCKY-3C1B324E,Weekend Deal,Fixed,5000,Student,479,22,1,2025-09-19,2025-10-19,1,2025-09-29,431.88,76,147.42
617,LUCKY-9D76FB07,Welcome Back,Fixed,20000,Student,254,23,1,2025-11-14,2025-11-28,1,2025-11-16,154.36,2,12.14
618,LUCKY-15AB9152,Weekend Deal,Fixed,10000,Student,466,21,1,2025-04-17,2025-04-24,1,2025-04-27,251.75,20,87.25
619,LUCKY-5109A674,Weekend Deal,Fixed,20000,Student,145,23,1,2025-03-20,2025-03-27,0,,109.02,49,58.68
620,LUCKY-5CD6702A,Weekend Deal,Percent,30,Student,108,17,1,2025-07-16,2025-07-30,1,2025-07-20,350.18,25,25.82
621,LUCKY-915E7F49,Flash Sale SV,Percent,15,Student,317,16,1,2025-06-14,2025-06-21,0,,211.45,86,52.16
622,LUCKY-08E562A7,Back to School,Fixed,5000,Student,310,24,1,2025-12-28,2026-01-27,0,,150.84,43,51.56
623,LUCKY-E433A5AA,Welcome Back,Percent,10,Student,86,16,1,2025-01-17,2025-01-24,0,,466.98,58,87.57
624,LUCKY-7C51F45E,Welcome Back,Fixed,50000,Student,435,19,1,2025-06-11,2025-06-18,1,2025-06-13,459.94,37,31.41
625,LUCKY-49C31F31,Tet Student,Fixed,20000,Student,323,22,1,2025-06-23,2025-07-07,1,2025-06-29,396.15,60,1.32
626,LUCKY-31DE92C3,Refer a Friend SV,Percent,25,Student,407,18,1,2025-08-28,2025-09-27,0,,388.94,29,105.93
627,LUCKY-51D4B33D,Birthday Bonus,Percent,10,Student,389,16,1,2025-03-14,2025-03-21,1,2025-03-21,249.16,66,154.03
628,LUCKY-3FD17FC4,Refer a Friend SV,Fixed,50000,Student,370,18,1,2025-12-18,2026-01-01,0,,456.13,80,11.56
629,LUCKY-CF592ADA,Refer a Friend SV,Percent,50,All,404,31,0,2025-04-18,2025-05-18,0,,214.22,67,315.79
630,LUCKY-89A2674E,Back to School,Fixed,10000,Student,369,23,1,2025-09-11,2025-09-25,1,2025-09-23,363.86,83,177.53
631,LUCKY-434BD57D,Back to School,Percent,30,All,15,24,0,2025-11-06,2025-11-13,0,,1136.85,27,563.75
632,LUCKY-56BF9692,Flash Sale SV,Fixed,5000,All,182,37,0,2025-05-21,2025-06-20,0,,1266.51,38,279.27
633,LUCKY-5C427310,Summer Gift,Fixed,20000,Student,458,17,1,2025-10-19,2025-11-18,0,,251.93,0,114.49
634,LUCKY-AC70EB70,Tet Student,Fixed,20000,All,54,41,0,2025-09-24,2025-10-01,0,,1159.92,44,615.77
635,LUCKY-3CC0B7AB,Refer a Friend SV,Percent,50,Student,218,19,1,2025-02-03,2025-02-10,0,,420.28,12,72.25
636,LUCKY-F8E6B4EB,Back to School,Fixed,50000,All,353,35,0,2025-11-14,2025-11-28,0,,586.61,86,124.17
637,LUCKY-43A8CDBE,Tet Student,Percent,30,All,263,35,0,2025-08-05,2025-09-04,0,,1517.09,20,446.08
638,LUCKY-4BFB1FA0,Birthday Bonus,Percent,30,All,57,23,0,2025-02-20,2025-03-06,0,,1450.05,4,482.66
639,LUCKY-07B2550F,Back to School,Fixed,20000,Student,402,20,1,2025-01-26,2025-02-02,1,2025-01-29,68.13,47,30.66
640,LUCKY-CDA16BA7,Weekend Deal,Percent,15,Student,23,16,1,2025-09-12,2025-09-19,1,2025-09-26,471.57,36,61.03
641,LUCKY-3B3BD09C,Tet Student,Fixed,10000,Student,342,20,1,2025-08-25,2025-09-08,0,,304.59,48,180.06
642,LUCKY-2C3F73B9,Summer Gift,Fixed,50000,Student,491,21,1,2025-06-18,2025-06-25,0,,90.19,79,124.95
643,LUCKY-8E6797C0,Back to School,Percent,30,Student,44,23,1,2025-02-21,2025-03-23,0,,381.16,21,129.18
644,LUCKY-2320A1D2,Flash Sale SV,Percent,25,Student,403,24,1,2025-09-06,2025-09-13,1,2025-09-11,309.59,72,10.57
645,LUCKY-2A504A2F,Weekend Deal,Fixed,5000,Student,93,23,1,2025-01-11,2025-01-25,0,,88.09,41,106.71
646,LUCKY-6CAE633D,Tet Student,Percent,30,Student,158,24,1,2025-03-09,2025-03-16,1,2025-03-12,192.82,14,51.44
647,LUCKY-39310802,Flash Sale SV,Percent,10,All,458,41,0,2025-02-11,2025-02-18,1,2025-02-18,504.54,41,633.75
648,LUCKY-1F6B1377,Summer Gift,Percent,15,Student,138,22,1,2025-09-13,2025-09-20,0,,473.71,6,179.9
649,LUCKY-16F5F2EC,Flash Sale SV,Fixed,10000,Student,391,23,1,2025-10-22,2025-10-29,1,2025-10-26,298.9,3,13.09
650,LUCKY-A3EC1D66,Birthday Bonus,Percent,15,Student,276,18,1,2025-03-26,2025-04-02,0,,187.08,10,81.35
651,LUCKY-93144716,Flash Sale SV,Fixed,10000,All,430,37,0,2025-08-09,2025-09-08,1,2025-08-14,1013.14,59,50.95
652,LUCKY-233231E8,Tet Student,Fixed,5000,Student,46,21,1,2025-10-03,2025-10-17,0,,429.1,65,42.55
653,LUCKY-AAF0E736,Birthday Bonus,Fixed,10000,Student,386,17,1,2025-06-21,2025-07-05,0,,423.72,35,145.01
654,LUCKY-B086F75F,Birthday Bonus,Percent,25,All,312,28,0,2025-12-05,2026-01-04,1,2025-12-06,642.67,43,983.87
655,LUCKY-9B513925,Welcome Back,Fixed,50000,Student,276,16,1,2025-11-21,2025-11-28,0,,352.72,89,82.63
656,LUCKY-D83760DC,Tet Student,Fixed,50000,Student,237,23,1,2025-12-01,2025-12-08,0,,352.51,48,70.6
657,LUCKY-30749F84,Summer Gift,Fixed,20000,Student,368,19,1,2025-10-21,2025-11-04,1,2025-11-03,250.06,2,44.3
658,LUCKY-37D7727F,Summer Gift,Percent,10,Student,446,23,1,2025-11-13,2025-11-20,0,,485.28,63,7.36
659,LUCKY-B7B14133,Tet Student,Percent,10,Student,439,24,1,2025-03-09,2025-04-08,0,,272.31,84,110.36
660,LUCKY-314E1C55,Back to School,Percent,50,Student,329,24,1,2025-08-01,2025-08-15,0,,378.0,86,54.87
661,LUCKY-5630F2EF,Weekend Deal,Fixed,5000,Student,453,16,1,2025-09-25,2025-10-02,0,,434.24,52,64.6
662,LUCKY-BCAC3471,Refer a Friend SV,Fixed,5000,All,116,21,0,2025-02-19,2025-02-26,1,2025-03-03,700.28,57,449.06
663,LUCKY-0B6A4783,Back to School,Percent,20,All,222,33,0,2025-11-04,2025-11-11,1,2025-11-12,1924.0,25,921.15
664,LUCKY-2B30D17B,Weekend Deal,Percent,10,All,171,38,0,2025-06-27,2025-07-04,1,2025-07-11,1635.0,32,938.31
665,LUCKY-6A7867FC,Weekend Deal,Fixed,5000,Student,194,19,1,2025-02-02,2025-02-09,0,,474.6,79,155.15
666,LUCKY-E7162D04,Refer a Friend SV,Percent,20,Student,151,17,1,2025-11-02,2025-12-02,1,2025-11-03,402.19,56,12.4
667,LUCKY-3C8B0728,Refer a Friend SV,Percent,25,All,52,32,0,2025-07-20,2025-08-19,0,,372.49,29,764.37
668,LUCKY-B613D516,Flash Sale SV,Percent,10,Student,464,16,1,2025-02-19,2025-02-26,0,,254.33,24,65.64
669,LUCKY-948C0279,Summer Gift,Fixed,10000,Student,300,24,1,2025-01-02,2025-01-09,1,2025-01-07,165.33,79,84.2
670,LUCKY-B021DAD6,Back to School,Percent,25,Student,266,21,1,2025-05-12,2025-05-19,0,,190.03,18,177.04
671,LUCKY-EF125B95,Birthday Bonus,Percent,25,Student,36,18,1,2025-04-21,2025-04-28,1,2025-05-04,75.79,71,101.42
672,LUCKY-E9CF6E07,Back to School,Fixed,20000,Student,449,23,1,2025-03-04,2025-03-18,0,,362.65,76,196.38
673,LUCKY-00447242,Summer Gift,Percent,50,All,377,21,0,2025-04-08,2025-04-22,0,,1092.68,81,923.96
674,LUCKY-77E0DCFD,Birthday Bonus,Percent,10,All,73,30,0,2025-06-01,2025-07-01,1,2025-06-03,1653.09,51,407.12
675,LUCKY-3F363F88,Summer Gift,Percent,10,Student,90,19,1,2025-03-08,2025-03-22,1,2025-03-20,334.1,46,182.54
676,LUCKY-4C988DA2,Flash Sale SV,Fixed,5000,Student,404,24,1,2025-03-13,2025-04-12,0,,160.68,22,39.2
677,LUCKY-E10114E3,Tet Student,Fixed,20000,All,34,30,0,2025-10-14,2025-11-13,0,,1885.01,30,339.82
678,LUCKY-CC15C861,Refer a Friend SV,Fixed,20000,Student,301,18,1,2025-04-02,2025-05-02,0,,407.7,48,38.34
679,LUCKY-1079105F,Back to School,Percent,50,Student,108,24,1,2025-09-19,2025-10-03,0,,182.38,31,29.71
680,LUCKY-E2D14066,Refer a Friend SV,Percent,30,All,192,45,0,2025-11-25,2025-12-25,0,,1047.2,8,680.33
681,LUCKY-5A5F8191,Weekend Deal,Fixed,50000,Student,19,23,1,2025-07-21,2025-08-20,1,2025-08-01,130.55,67,142.5
682,LUCKY-36994F7B,Refer a Friend SV,Fixed,50000,Student,44,19,1,2025-06-09,2025-07-09,0,,253.44,27,46.88
683,LUCKY-4EB59BEA,Birthday Bonus,Percent,25,Student,189,17,1,2025-08-14,2025-08-28,0,,182.77,29,103.76
684,LUCKY-E1BE5284,Welcome Back,Percent,20,All,280,30,0,2025-02-10,2025-03-12,1,2025-02-19,691.44,56,73.48
685,LUCKY-90C0A170,Summer Gift,Fixed,5000,Student,382,20,1,2025-11-11,2025-11-25,1,2025-11-16,466.97,9,19.68
686,LUCKY-33B1480F,Back to School,Percent,50,All,207,41,0,2025-05-10,2025-05-24,1,2025-05-23,1721.81,77,231.11
687,LUCKY-69E03366,Summer Gift,Percent,25,All,265,38,0,2025-12-07,2025-12-21,1,2025-12-11,1564.05,83,61.3
688,LUCKY-AC7802A1,Birthday Bonus,Fixed,5000,Student,214,24,1,2025-07-25,2025-08-24,0,,390.93,59,144.5
689,LUCKY-5609C348,Flash Sale SV,Percent,20,Student,174,23,1,2025-11-27,2025-12-11,0,,433.82,17,6.02
690,LUCKY-AB18A2F8,Flash Sale SV,Fixed,20000,Student,488,22,1,2025-01-05,2025-01-12,0,,358.59,88,80.67
691,LUCKY-218CA2B4,Summer Gift,Fixed,50000,All,97,38,0,2025-02-18,2025-03-04,0,,1333.71,77,622.85
692,LUCKY-FDA91F14,Welcome Back,Percent,15,Student,309,21,1,2025-03-02,2025-04-01,0,,306.28,38,90.31
693,LUCKY-B5368409,Summer Gift,Fixed,10000,Student,189,18,1,2025-09-03,2025-09-17,1,2025-09-04,139.55,49,182.27
694,LUCKY-90BF53BC,Tet Student,Percent,10,Student,200,18,1,2025-08-24,2025-08-31,0,,197.05,50,181.96
695,LUCKY-8A1017A3,Back to School,Fixed,10000,All,235,26,0,2025-09-23,2025-10-23,0,,433.88,55,245.39
696,LUCKY-E73A9AE1,Birthday Bonus,Percent,30,Student,295,16,1,2025-08-15,2025-08-29,0,,495.99,51,89.15
697,LUCKY-E7C13BD5,Refer a Friend SV,Fixed,20000,Student,92,17,1,2025-03-14,2025-03-21,0,,179.56,58,176.2
698,LUCKY-9E1AD95F,Welcome Back,Percent,50,All,452,43,0,2025-01-08,2025-01-15,1,2025-01-13,977.74,84,415.43
699,LUCKY-2A0A78D8,Welcome Back,Fixed,50000,Student,259,20,1,2025-02-25,2025-03-04,0,,350.0,27,13.35
700,LUCKY-83315E45,Flash Sale SV,Percent,25,All,196,30,0,2025-12-22,2026-01-21,1,2025-12-30,938.17,26,206.6
701,LUCKY-691072B7,Tet Student,Fixed,5000,Student,35,22,1,2025-12-15,2025-12-29,1,2025-12-23,435.1,1,79.33
702,LUCKY-7D12A960,Tet Student,Fixed,10000,Student,151,19,1,2025-10-04,2025-10-11,0,,371.11,60,87.54
703,LUCKY-5905F611,Weekend Deal,Fixed,10000,Student,273,22,1,2025-04-23,2025-04-30,1,2025-05-04,125.8,1,134.28
704,LUCKY-B5A07BDE,Back to School,Percent,25,Student,396,16,1,2025-10-01,2025-10-08,0,,426.43,82,162.3
705,LUCKY-4B2DDA52,Flash Sale SV,Percent,10,Student,349,19,1,2025-01-11,2025-01-18,0,,467.97,30,74.93
706,LUCKY-B44D0B75,Tet Student,Percent,50,Student,288,19,1,2025-09-04,2025-09-18,1,2025-09-10,481.44,85,19.32
707,LUCKY-FDFA4C66,Summer Gift,Percent,15,Student,335,19,1,2025-06-06,2025-06-13,1,2025-06-13,470.45,54,79.01
708,LUCKY-89E5377A,Flash Sale SV,Fixed,20000,Student,307,22,1,2025-04-14,2025-04-28,1,2025-04-27,145.75,84,44.02
709,LUCKY-D7FFBF54,Welcome Back,Percent,20,Student,348,17,1,2025-11-23,2025-12-07,0,,370.64,72,158.25
710,LUCKY-03A29506,Welcome Back,Fixed,50000,All,262,44,0,2025-10-19,2025-11-02,1,2025-10-26,1448.7,81,365.44
711,LUCKY-84C247AC,Welcome Back,Percent,10,Student,41,19,1,2025-12-14,2025-12-21,1,2025-12-24,276.54,1,140.93
712,LUCKY-4682128F,Flash Sale SV,Percent,50,Student,450,21,1,2025-12-20,2026-01-03,1,2026-01-01,274.43,48,40.4
713,LUCKY-6A353861,Flash Sale SV,Fixed,20000,Student,106,20,1,2025-12-11,2025-12-25,1,2025-12-15,192.89,5,157.39
714,LUCKY-A375CB2E,Tet Student,Fixed,20000,Student,36,19,1,2025-01-03,2025-01-17,0,,410.65,28,139.26
715,LUCKY-12469975,Tet Student,Percent,10,All,41,21,0,2025-04-08,2025-05-08,0,,1341.86,26,184.46
716,LUCKY-C8F38A24,Summer Gift,Fixed,10000,Student,140,23,1,2025-10-15,2025-11-14,1,2025-10-19,190.16,31,144.33
717,LUCKY-711B3C13,Weekend Deal,Fixed,10000,All,222,35,0,2025-09-20,2025-10-20,0,,344.03,50,973.93
718,LUCKY-DD3F21D8,Tet Student,Percent,20,All,238,45,0,2025-03-09,2025-03-23,0,,1067.6,54,773.83
719,LUCKY-5385E9F6,Weekend Deal,Fixed,10000,Student,257,20,1,2025-04-01,2025-04-08,1,2025-04-15,218.82,9,121.21
720,LUCKY-D3471D2F,Weekend Deal,Fixed,50000,All,472,31,0,2025-10-03,2025-10-17,1,2025-10-04,1084.62,50,929.41
721,LUCKY-0C09E5B5,Birthday Bonus,Fixed,50000,Student,377,18,1,2025-11-13,2025-11-27,0,,137.4,32,87.26
722,LUCKY-D882D89A,Tet Student,Percent,50,Student,127,23,1,2025-08-22,2025-08-29,1,2025-08-27,65.53,80,162.63
723,LUCKY-16757D88,Welcome Back,Fixed,50000,Student,425,18,1,2025-04-14,2025-04-21,0,,55.55,82,154.19
724,LUCKY-287E63DC,Welcome Back,Fixed,50000,Student,74,20,1,2025-10-25,2025-11-08,1,2025-11-08,275.29,48,106.64
725,LUCKY-5B4ABEEC,Weekend Deal,Percent,15,Student,269,19,1,2025-02-25,2025-03-27,1,2025-03-04,468.51,39,79.59
726,LUCKY-573C1D74,Tet Student,Percent,50,Student,291,20,1,2025-03-17,2025-03-24,1,2025-03-25,379.87,47,34.13
727,LUCKY-0FCCEE8F,Weekend Deal,Fixed,50000,All,86,25,0,2025-10-04,2025-11-03,0,,561.69,24,762.42
728,LUCKY-1A3F8523,Summer Gift,Percent,30,Student,5,17,1,2025-11-25,2025-12-02,0,,219.98,43,55.35
729,LUCKY-89C32DED,Flash Sale SV,Percent,15,Student,243,16,1,2025-09-25,2025-10-09,1,2025-10-03,349.4,5,157.84
730,LUCKY-E4F2A7D6,Birthday Bonus,Fixed,10000,All,500,39,0,2025-07-20,2025-07-27,0,,973.02,43,402.25
731,LUCKY-7E03FD6C,Flash Sale SV,Fixed,10000,Student,385,21,1,2025-09-09,2025-10-09,0,,412.82,89,0.62
732,LUCKY-FC5E845A,Flash Sale SV,Fixed,10000,All,185,31,0,2025-06-01,2025-07-01,0,,1013.45,60,701.88
733,LUCKY-9C1D5391,Welcome Back,Fixed,50000,All,376,45,0,2025-08-22,2025-09-21,1,2025-08-24,1524.46,29,694.03
734,LUCKY-9F6FD586,Weekend Deal,Percent,15,Student,281,19,1,2025-05-27,2025-06-26,0,,370.37,73,173.97
735,LUCKY-4E907350,Summer Gift,Fixed,10000,All,223,34,0,2025-11-23,2025-11-30,1,2025-11-25,502.5,14,473.97
736,LUCKY-4CB8DD4B,Back to School,Fixed,10000,All,70,20,0,2025-11-04,2025-12-04,0,,488.42,49,932.52
737,LUCKY-A7C8E4D9,Welcome Back,Fixed,10000,All,377,40,0,2025-07-23,2025-08-22,0,,1505.75,88,135.92
738,LUCKY-41199783,Back to School,Percent,15,All,380,40,0,2025-02-04,2025-02-11,1,2025-02-10,1355.78,55,583.8
739,LUCKY-5D578DC3,Refer a Friend SV,Percent,20,Student,303,19,1,2025-01-10,2025-01-17,0,,385.08,47,23.22
740,LUCKY-4540B8BE,Summer Gift,Percent,30,Student,75,22,1,2025-01-18,2025-02-01,1,2025-01-24,490.93,46,63.93
741,LUCKY-D761A04B,Back to School,Percent,30,All,307,29,0,2025-11-28,2025-12-28,1,2025-11-29,1706.99,58,524.84
742,LUCKY-A5F1BF22,Weekend Deal,Fixed,10000,Student,424,24,1,2025-07-02,2025-07-16,1,2025-07-05,495.65,90,24.69
743,LUCKY-DED09466,Refer a Friend SV,Percent,25,All,281,43,0,2025-11-28,2025-12-05,1,2025-11-29,1881.98,6,263.82
744,LUCKY-EB86149C,Back to School,Fixed,5000,Student,50,22,1,2025-04-23,2025-05-23,1,2025-04-30,355.05,50,198.06
745,LUCKY-561F71CA,Tet Student,Percent,30,Student,108,16,1,2025-08-10,2025-08-17,0,,432.41,58,141.92
746,LUCKY-935A79A9,Tet Student,Percent,50,Student,50,19,1,2025-07-22,2025-07-29,1,2025-07-23,380.89,73,1.83
747,LUCKY-6C562ACD,Tet Student,Fixed,50000,Student,61,23,1,2025-07-08,2025-07-15,0,,130.83,65,10.49
748,LUCKY-848A8052,Weekend Deal,Fixed,5000,Student,324,23,1,2025-11-13,2025-11-27,0,,186.21,22,119.23
749,LUCKY-8D4E4DDF,Flash Sale SV,Fixed,10000,Student,356,21,1,2025-10-16,2025-10-30,0,,55.22,15,23.33
750,LUCKY-58E3D46F,Tet Student,Fixed,20000,All,208,45,0,2025-02-23,2025-03-25,1,2025-02-26,1267.18,82,414.76
751,LUCKY-F8917414,Welcome Back,Fixed,5000,All,93,20,0,2025-04-22,2025-04-29,0,,908.83,67,826.59
752,LUCKY-FCF06B9C,Tet Student,Percent,10,All,288,42,0,2025-11-06,2025-11-13,0,,523.89,40,576.99
753,LUCKY-11E809A6,Refer a Friend SV,Fixed,10000,Student,154,16,1,2025-11-01,2025-11-08,0,,88.07,38,24.94
754,LUCKY-95BD32C1,Weekend Deal,Fixed,10000,Student,276,24,1,2025-09-12,2025-10-12,0,,457.08,68,58.68
755,LUCKY-08B71843,Back to School,Percent,15,Student,283,17,1,2025-04-05,2025-05-05,0,,348.18,4,8.95
756,LUCKY-C4266048,Back to School,Percent,30,Student,43,21,1,2025-11-06,2025-11-20,1,2025-11-14,174.83,54,145.82
757,LUCKY-38EE8716,Back to School,Percent,10,All,366,41,0,2025-12-21,2025-12-28,0,,965.62,68,709.79
758,LUCKY-43A3A26B,Refer a Friend SV,Fixed,50000,Student,64,24,1,2025-10-08,2025-10-15,1,2025-10-13,322.23,19,83.94
759,LUCKY-863C5AFA,Back to School,Fixed,20000,Student,194,24,1,2025-04-09,2025-04-16,1,2025-04-11,233.05,11,65.87
760,LUCKY-473DB0AE,Back to School,Percent,30,All,179,27,0,2025-08-04,2025-09-03,0,,881.54,15,149.75
761,LUCKY-7444095E,Refer a Friend SV,Percent,20,All,305,29,0,2025-12-22,2026-01-21,1,2025-12-31,1192.78,6,627.09
762,LUCKY-D761CE9D,Tet Student,Percent,50,All,471,32,0,2025-10-24,2025-11-07,1,2025-10-25,1058.35,1,171.19
763,LUCKY-9993EFBD,Tet Student,Fixed,50000,All,258,31,0,2025-06-26,2025-07-10,0,,1473.5,77,286.66
764,LUCKY-908B22AC,Back to School,Fixed,5000,Student,325,22,1,2025-06-28,2025-07-05,0,,284.27,29,143.69
765,LUCKY-23E586E0,Back to School,Percent,50,Student,493,19,1,2025-08-26,2025-09-02,0,,475.19,7,33.02
766,LUCKY-192BE153,Refer a Friend SV,Fixed,5000,All,366,41,0,2025-04-27,2025-05-27,1,2025-04-28,1115.63,61,744.26
767,LUCKY-90C75EAB,Weekend Deal,Percent,30,Student,463,24,1,2025-11-25,2025-12-25,0,,387.35,84,48.85
768,LUCKY-733D5ED6,Weekend Deal,Percent,25,Student,128,17,1,2025-06-04,2025-06-18,1,2025-06-15,215.17,45,26.66
769,LUCKY-698A8733,Summer Gift,Fixed,20000,All,473,44,0,2025-11-19,2025-12-03,1,2025-11-23,1744.05,61,325.56
770,LUCKY-A7A7D4A5,Birthday Bonus,Fixed,5000,Student,55,24,1,2025-08-11,2025-08-25,1,2025-08-17,421.58,59,7.09
771,LUCKY-182D9846,Welcome Back,Fixed,10000,Student,468,18,1,2025-03-14,2025-03-21,0,,230.93,55,1.77
772,LUCKY-7D1EE729,Back to School,Fixed,20000,Student,225,18,1,2025-03-18,2025-04-01,1,2025-03-20,396.25,60,50.03
773,LUCKY-08ACD6E7,Summer Gift,Percent,20,Student,216,23,1,2025-05-02,2025-05-09,1,2025-05-09,122.83,55,70.75
774,LUCKY-C99B3F58,Refer a Friend SV,Fixed,5000,All,366,21,0,2025-08-26,2025-09-25,0,,488.56,61,239.04
775,LUCKY-41D78BEB,Welcome Back,Percent,10,Student,257,22,1,2025-03-05,2025-03-19,0,,275.84,49,184.71
776,LUCKY-3B9A0F8B,Weekend Deal,Percent,25,Student,317,19,1,2025-08-03,2025-08-17,1,2025-08-07,73.42,54,165.97
777,LUCKY-4F47C875,Refer a Friend SV,Fixed,10000,Student,374,24,1,2025-12-26,2026-01-02,1,2026-01-07,134.09,14,56.23
778,LUCKY-FA2ED610,Welcome Back,Percent,15,Student,219,18,1,2025-01-09,2025-01-16,1,2025-01-12,134.9,80,170.97
779,LUCKY-DD0354CC,Summer Gift,Fixed,10000,Student,330,19,1,2025-08-02,2025-09-01,1,2025-08-09,90.92,52,10.19
780,LUCKY-2D5164DE,Birthday Bonus,Fixed,10000,Student,27,17,1,2025-03-02,2025-03-09,0,,171.16,44,56.11
781,LUCKY-56B568D1,Tet Student,Percent,25,Student,58,21,1,2025-08-12,2025-08-26,1,2025-08-17,145.39,77,94.41
782,LUCKY-7B101EBF,Birthday Bonus,Fixed,20000,Student,191,16,1,2025-10-17,2025-11-16,0,,357.33,16,154.09
783,LUCKY-5C435301,Welcome Back,Percent,50,Student,361,20,1,2025-11-27,2025-12-04,1,2025-12-01,144.51,13,76.81
784,LUCKY-D8E1D4BA,Summer Gift,Fixed,50000,Student,99,17,1,2025-03-02,2025-03-09,0,,83.7,43,109.32
785,LUCKY-36E1B7DD,Weekend Deal,Fixed,20000,Student,248,20,1,2025-02-14,2025-02-21,0,,451.21,71,151.87
786,LUCKY-B73A4634,Flash Sale SV,Percent,20,Student,98,24,1,2025-01-26,2025-02-25,0,,405.9,35,33.39
787,LUCKY-0FF70A7D,Weekend Deal,Percent,15,All,206,32,0,2025-07-18,2025-08-01,0,,1091.05,65,555.85
788,LUCKY-1C4D8F16,Weekend Deal,Percent,30,Student,156,19,1,2025-12-17,2025-12-31,0,,132.83,27,32.0
789,LUCKY-BF503B02,Summer Gift,Percent,10,All,139,29,0,2025-11-05,2025-11-19,1,2025-11-08,1474.86,21,574.54
790,LUCKY-FF92C601,Birthday Bonus,Percent,10,All,485,21,0,2025-06-11,2025-06-18,0,,1356.34,26,286.56
791,LUCKY-5030AD7C,Flash Sale SV,Fixed,20000,All,113,37,0,2025-01-27,2025-02-10,0,,675.27,78,176.93
792,LUCKY-472824B4,Refer a Friend SV,Percent,50,All,325,28,0,2025-05-28,2025-06-27,0,,518.12,68,973.02
793,LUCKY-CC57C303,Refer a Friend SV,Percent,30,Student,189,19,1,2025-04-24,2025-05-24,1,2025-05-01,417.58,34,44.13
794,LUCKY-01868A8F,Weekend Deal,Percent,15,Student,11,23,1,2025-03-21,2025-04-04,0,,92.16,23,36.3
795,LUCKY-F4CC948D,Welcome Back,Percent,15,Student,52,18,1,2025-08-21,2025-09-04,0,,417.87,24,137.47
796,LUCKY-1006CB24,Refer a Friend SV,Percent,25,All,68,24,0,2025-01-25,2025-02-24,1,2025-01-26,1508.18,77,817.59
797,LUCKY-FEAB2D8C,Welcome Back,Percent,10,Student,44,17,1,2025-06-28,2025-07-28,0,,170.45,76,187.72
798,LUCKY-B9990B93,Weekend Deal,Fixed,20000,Student,322,23,1,2025-01-18,2025-02-17,1,2025-01-23,391.85,20,178.48
799,LUCKY-D18D1A8A,Refer a Friend SV,Percent,30,Student,198,16,1,2025-04-01,2025-04-08,1,2025-04-08,421.22,37,20.56
800,LUCKY-3F76D3AE,Tet Student,Percent,25,Student,183,20,1,2025-04-04,2025-04-18,0,,151.65,49,175.8
801,LUCKY-79F499CB,Tet Student,Percent,30,Student,348,21,1,2025-09-11,2025-10-11,1,2025-09-14,103.26,10,184.66
802,LUCKY-E7D12505,Birthday Bonus,Fixed,50000,Student,404,20,1,2025-12-26,2026-01-02,0,,331.14,13,57.4
803,LUCKY-E99E9E75,Weekend Deal,Fixed,50000,Student,492,18,1,2025-02-19,2025-03-05,0,,400.0,18,29.32
804,LUCKY-02A12D3F,Birthday Bonus,Fixed,20000,All,309,24,0,2025-08-23,2025-09-06,0,,362.8,23,995.03
805,LUCKY-D5C69FCB,Weekend Deal,Fixed,50000,All,421,30,0,2025-08-18,2025-09-17,0,,448.8,31,946.83
806,LUCKY-C31B66B9,Welcome Back,Percent,50,Student,286,17,1,2025-01-07,2025-01-14,1,2025-01-13,311.43,73,84.37
807,LUCKY-4EAB45E8,Back to School,Fixed,10000,Student,108,18,1,2025-09-14,2025-09-21,0,,464.41,44,11.92
808,LUCKY-E6CFFE9A,Flash Sale SV,Percent,25,All,360,21,0,2025-07-12,2025-07-19,0,,1544.59,89,161.37
809,LUCKY-AB0C13DF,Birthday Bonus,Percent,15,Student,426,17,1,2025-04-03,2025-04-10,1,2025-04-13,264.57,20,118.79
810,LUCKY-880A1B82,Refer a Friend SV,Fixed,50000,All,356,24,0,2025-08-26,2025-09-25,0,,1577.75,17,496.28
811,LUCKY-C14524D3,Tet Student,Percent,30,Student,365,17,1,2025-07-22,2025-08-05,1,2025-07-31,120.15,4,176.23
812,LUCKY-FF946AB4,Welcome Back,Percent,20,All,206,38,0,2025-03-24,2025-03-31,0,,1103.37,54,723.89
813,LUCKY-37678BF2,Weekend Deal,Percent,50,Student,424,19,1,2025-11-21,2025-12-05,0,,226.53,71,164.5
814,LUCKY-F69C01F4,Welcome Back,Fixed,5000,Student,123,16,1,2025-10-25,2025-11-08,1,2025-10-26,411.5,24,129.33
815,LUCKY-AF1BA4C3,Summer Gift,Fixed,10000,Student,44,24,1,2025-01-08,2025-01-22,0,,97.91,1,42.38
816,LUCKY-66F558A0,Birthday Bonus,Percent,10,All,145,38,0,2025-05-01,2025-05-15,1,2025-05-14,280.77,61,987.17
817,LUCKY-56F7AC64,Welcome Back,Percent,50,All,414,36,0,2025-12-17,2025-12-24,1,2025-12-26,550.79,45,764.25
818,LUCKY-9EAF8D30,Tet Student,Percent,20,All,488,20,0,2025-08-03,2025-09-02,1,2025-08-05,1256.92,75,413.01
819,LUCKY-9E9EA86B,Tet Student,Fixed,50000,All,457,26,0,2025-06-20,2025-07-04,1,2025-06-21,1653.46,20,671.51
820,LUCKY-EECD5884,Weekend Deal,Percent,15,All,445,41,0,2025-01-05,2025-01-19,1,2025-01-14,897.74,78,248.38
821,LUCKY-5D12612A,Back to School,Fixed,10000,All,46,45,0,2025-05-19,2025-06-02,1,2025-05-25,1811.24,58,523.97
822,LUCKY-C43B040B,Welcome Back,Fixed,10000,Student,440,23,1,2025-08-02,2025-08-16,0,,166.07,32,94.65
823,LUCKY-56C8E05C,Birthday Bonus,Fixed,20000,Student,135,22,1,2025-11-14,2025-12-14,1,2025-11-22,435.65,16,183.43
824,LUCKY-AE850458,Flash Sale SV,Percent,50,All,292,41,0,2025-02-10,2025-02-24,1,2025-02-13,276.82,7,978.56
825,LUCKY-C8F3804C,Weekend Deal,Percent,20,Student,56,17,1,2025-09-27,2025-10-11,0,,150.37,85,174.83
826,LUCKY-BFB94F69,Birthday Bonus,Percent,25,Student,360,17,1,2025-06-20,2025-07-04,1,2025-06-24,462.86,55,184.5
827,LUCKY-C4A0F4CD,Summer Gift,Fixed,10000,All,480,23,0,2025-01-20,2025-02-03,1,2025-01-21,701.08,19,86.37
828,LUCKY-CD2CDC89,Refer a Friend SV,Percent,10,All,36,45,0,2025-11-06,2025-11-13,1,2025-11-09,974.2,6,499.74
829,LUCKY-A7257F25,Back to School,Percent,50,Student,494,17,1,2025-01-03,2025-01-17,1,2025-01-09,184.25,53,142.44
830,LUCKY-79279624,Refer a Friend SV,Fixed,10000,All,6,25,0,2025-12-19,2026-01-02,1,2026-01-02,557.49,61,944.84
831,LUCKY-5E1EEA1C,Birthday Bonus,Percent,20,Student,163,19,1,2025-08-05,2025-08-19,1,2025-08-19,85.01,78,133.59
832,LUCKY-D14308EA,Weekend Deal,Percent,50,Student,112,22,1,2025-10-04,2025-10-11,0,,168.26,57,144.46
833,LUCKY-CECAB327,Birthday Bonus,Fixed,10000,All,190,26,0,2025-04-22,2025-05-22,1,2025-04-23,956.32,21,568.78
834,LUCKY-1DDFAEDD,Refer a Friend SV,Fixed,50000,All,219,20,0,2025-06-27,2025-07-27,0,,743.5,15,341.62
835,LUCKY-10A56E84,Tet Student,Fixed,10000,Student,353,21,1,2025-07-10,2025-08-09,0,,101.02,54,35.16
836,LUCKY-52706FA3,Welcome Back,Percent,10,Student,255,20,1,2025-10-14,2025-10-21,0,,365.94,12,187.58
837,LUCKY-7A4508DA,Back to School,Percent,50,All,283,39,0,2025-04-08,2025-04-22,0,,1869.01,56,144.72
838,LUCKY-C3051D39,Refer a Friend SV,Fixed,50000,Student,146,19,1,2025-06-26,2025-07-03,1,2025-07-05,435.35,44,190.11
839,LUCKY-0EACB42A,Refer a Friend SV,Percent,10,Student,419,20,1,2025-01-05,2025-01-19,1,2025-01-19,188.33,53,180.53
840,LUCKY-A76E41F2,Refer a Friend SV,Percent,30,Student,478,21,1,2025-11-13,2025-11-20,1,2025-11-26,200.79,55,191.83
841,LUCKY-98830135,Tet Student,Fixed,20000,Student,259,18,1,2025-02-23,2025-03-02,0,,472.73,22,78.08
842,LUCKY-268FD73B,Summer Gift,Percent,20,Student,395,22,1,2025-01-14,2025-01-21,1,2025-01-25,429.36,33,125.46
843,LUCKY-EE349539,Tet Student,Fixed,5000,Student,96,16,1,2025-11-21,2025-12-05,0,,328.14,10,108.73
844,LUCKY-0795F69D,Flash Sale SV,Fixed,20000,Student,297,19,1,2025-03-21,2025-03-28,1,2025-04-01,183.62,31,107.08
845,LUCKY-D7F7A16E,Back to School,Percent,20,All,433,23,0,2025-02-03,2025-02-17,0,,1026.43,13,616.1
846,LUCKY-FEE4B088,Weekend Deal,Fixed,5000,Student,215,19,1,2025-02-07,2025-03-09,0,,225.86,2,98.21
847,LUCKY-C87956C9,Flash Sale SV,Percent,20,Student,311,21,1,2025-11-19,2025-12-19,0,,335.1,20,90.18
848,LUCKY-C89D1DFB,Back to School,Percent,15,All,275,23,0,2025-04-20,2025-04-27,0,,1956.65,61,994.05
849,LUCKY-BE5743D8,Flash Sale SV,Percent,15,Student,482,24,1,2025-04-03,2025-05-03,1,2025-04-15,392.43,46,43.26
850,LUCKY-D29B182E,Weekend Deal,Fixed,50000,Student,89,20,1,2025-07-07,2025-07-21,0,,266.71,44,190.65
851,LUCKY-09AA36E3,Summer Gift,Fixed,10000,Student,217,20,1,2025-08-14,2025-08-28,0,,482.84,75,20.58
852,LUCKY-8AA513C4,Summer Gift,Fixed,50000,Student,231,20,1,2025-06-21,2025-06-28,0,,417.15,77,124.58
853,LUCKY-BDEB77BF,Refer a Friend SV,Fixed,20000,Student,405,16,1,2025-03-26,2025-04-09,1,2025-04-02,481.14,52,50.61
854,LUCKY-B86A1068,Welcome Back,Percent,20,Student,110,19,1,2025-12-01,2025-12-31,1,2025-12-07,82.69,47,131.39
855,LUCKY-FF9269DB,Summer Gift,Fixed,10000,Student,441,21,1,2025-05-23,2025-06-22,1,2025-06-05,454.43,49,112.33
856,LUCKY-9B43505E,Flash Sale SV,Percent,15,Student,216,22,1,2025-08-02,2025-08-16,0,,356.96,40,87.04
857,LUCKY-6669252A,Flash Sale SV,Percent,30,Student,467,23,1,2025-11-26,2025-12-26,1,2025-11-27,127.01,49,65.37
858,LUCKY-D9945887,Flash Sale SV,Percent,20,Student,155,18,1,2025-02-27,2025-03-13,1,2025-03-11,428.74,68,80.56
859,LUCKY-ACE59AB6,Refer a Friend SV,Fixed,5000,Student,432,21,1,2025-08-16,2025-09-15,1,2025-08-18,230.15,40,111.29
860,LUCKY-07275865,Birthday Bonus,Percent,10,Student,88,17,1,2025-12-14,2025-12-21,0,,63.18,1,9.57
861,LUCKY-9DD24F5C,Flash Sale SV,Percent,20,Student,353,21,1,2025-05-03,2025-05-17,1,2025-05-09,417.27,0,107.51
862,LUCKY-AB99C87A,Tet Student,Fixed,5000,Student,495,22,1,2025-03-25,2025-04-24,1,2025-04-08,171.46,17,34.07
863,LUCKY-594A7549,Weekend Deal,Percent,30,All,248,40,0,2025-05-11,2025-06-10,0,,1004.2,67,166.25
864,LUCKY-678790F6,Summer Gift,Percent,50,Student,109,20,1,2025-02-16,2025-02-23,0,,394.79,45,142.28
865,LUCKY-05136CC3,Summer Gift,Percent,20,Student,390,19,1,2025-09-17,2025-10-01,0,,260.67,62,77.01
866,LUCKY-44CF48A5,Summer Gift,Percent,15,All,263,42,0,2025-07-15,2025-08-14,0,,1017.24,64,196.3
867,LUCKY-99E96B4A,Tet Student,Fixed,5000,Student,124,22,1,2025-02-24,2025-03-03,0,,134.58,21,55.57
868,LUCKY-85457F86,Back to School,Fixed,20000,Student,109,23,1,2025-09-03,2025-09-17,1,2025-09-10,134.16,84,5.72
869,LUCKY-7567DC8C,Welcome Back,Fixed,20000,Student,151,24,1,2025-07-24,2025-08-07,1,2025-07-28,243.88,56,66.75
870,LUCKY-20D66468,Flash Sale SV,Fixed,5000,Student,28,18,1,2025-02-08,2025-02-15,0,,317.32,63,105.91
871,LUCKY-9216FDA6,Refer a Friend SV,Fixed,10000,All,451,38,0,2025-02-08,2025-03-10,1,2025-02-22,679.12,12,112.56
872,LUCKY-B02752AF,Flash Sale SV,Fixed,20000,Student,379,23,1,2025-09-23,2025-10-23,1,2025-10-01,142.57,44,157.15
873,LUCKY-521C1D7E,Weekend Deal,Percent,20,Student,172,19,1,2025-01-22,2025-02-05,1,2025-01-29,126.6,21,136.29
874,LUCKY-D3E219C7,Flash Sale SV,Fixed,50000,Student,24,20,1,2025-04-16,2025-04-23,0,,446.57,1,34.15
875,LUCKY-0F51787F,Welcome Back,Percent,15,All,377,38,0,2025-12-11,2025-12-25,1,2025-12-19,1424.08,29,326.13
876,LUCKY-686B98B8,Birthday Bonus,Fixed,5000,Student,443,24,1,2025-06-17,2025-07-17,1,2025-07-01,165.8,46,97.3
877,LUCKY-CCD29BDA,Refer a Friend SV,Percent,15,All,255,39,0,2025-11-05,2025-11-19,0,,1071.84,66,306.44
878,LUCKY-767606AA,Back to School,Fixed,5000,Student,491,22,1,2025-11-18,2025-12-02,0,,211.74,24,148.87
879,LUCKY-7283FE37,Back to School,Fixed,50000,All,176,25,0,2025-01-19,2025-02-18,1,2025-01-31,677.56,42,695.11
880,LUCKY-287E3BA2,Flash Sale SV,Fixed,5000,All,349,23,0,2025-11-05,2025-11-19,0,,980.23,44,482.28
881,LUCKY-B13832DF,Welcome Back,Fixed,20000,Student,112,20,1,2025-01-15,2025-01-22,0,,330.71,38,132.86
882,LUCKY-EB04A3A0,Flash Sale SV,Fixed,5000,Student,491,17,1,2025-06-10,2025-07-10,1,2025-06-21,73.94,55,61.16
883,LUCKY-1486494B,Welcome Back,Percent,25,All,416,24,0,2025-01-16,2025-01-30,1,2025-01-20,1916.63,18,727.54
884,LUCKY-4F298246,Back to School,Fixed,20000,Student,297,22,1,2025-07-22,2025-08-05,1,2025-08-04,240.15,12,193.38
885,LUCKY-30B295EE,Welcome Back,Fixed,20000,Student,193,19,1,2025-11-15,2025-12-15,1,2025-11-18,162.51,25,83.26
886,LUCKY-F48DBB93,Weekend Deal,Fixed,20000,All,15,33,0,2025-08-14,2025-08-28,1,2025-08-22,372.88,88,550.24
887,LUCKY-3DC45BA1,Birthday Bonus,Fixed,10000,All,387,20,0,2025-09-19,2025-10-03,1,2025-09-20,1923.49,17,449.87
888,LUCKY-4FE28E8C,Welcome Back,Fixed,5000,All,50,24,0,2025-11-04,2025-11-18,1,2025-11-14,925.3,66,55.66
889,LUCKY-E6912796,Flash Sale SV,Percent,50,All,380,38,0,2025-09-05,2025-10-05,0,,1066.64,7,364.74
890,LUCKY-2C3EDB3F,Flash Sale SV,Fixed,20000,All,59,24,0,2025-10-23,2025-10-30,0,,602.38,19,691.9
891,LUCKY-B2BC3C86,Welcome Back,Percent,15,Student,29,18,1,2025-09-15,2025-09-29,0,,321.71,12,24.21
892,LUCKY-31E532FB,Welcome Back,Fixed,50000,All,73,29,0,2025-11-01,2025-11-08,0,,928.2,30,983.56
893,LUCKY-02A9E1D7,Weekend Deal,Percent,25,All,189,41,0,2025-11-04,2025-12-04,1,2025-11-12,633.23,89,535.94
894,LUCKY-185734D1,Tet Student,Fixed,50000,Student,6,22,1,2025-08-04,2025-09-03,1,2025-08-11,223.62,59,159.97
895,LUCKY-53D1CCCA,Birthday Bonus,Fixed,5000,Student,142,16,1,2025-08-24,2025-09-07,0,,340.3,79,178.64
896,LUCKY-F2E9263C,Refer a Friend SV,Percent,20,Student,181,18,1,2025-03-21,2025-03-28,0,,210.99,64,171.17
897,LUCKY-A01D5BD1,Refer a Friend SV,Fixed,20000,Student,311,21,1,2025-11-16,2025-11-30,1,2025-11-24,256.77,17,171.73
898,LUCKY-3A0033CA,Refer a Friend SV,Fixed,20000,Student,119,24,1,2025-01-28,2025-02-27,1,2025-01-31,398.93,16,105.09
899,LUCKY-697D9C08,Summer Gift,Percent,50,Student,499,17,1,2025-03-24,2025-04-07,1,2025-04-06,274.75,41,135.86
900,LUCKY-A5975D13,Birthday Bonus,Percent,25,Student,56,17,1,2025-01-06,2025-01-20,0,,77.87,4,50.1
901,LUCKY-57D83E46,Back to School,Percent,15,Student,104,22,1,2025-11-10,2025-11-17,0,,109.95,71,127.48
902,LUCKY-577D7475,Flash Sale SV,Percent,30,All,18,33,0,2025-11-04,2025-11-11,0,,1664.91,24,818.24
903,LUCKY-00D269CC,Tet Student,Percent,20,All,255,20,0,2025-12-21,2026-01-20,0,,847.21,69,437.63
904,LUCKY-B6BB115C,Welcome Back,Fixed,10000,Student,292,19,1,2025-11-13,2025-11-20,0,,306.67,45,94.75
905,LUCKY-6DF52F69,Birthday Bonus,Percent,30,Student,361,24,1,2025-05-27,2025-06-10,1,2025-06-03,184.2,29,23.59
906,LUCKY-BDF852BB,Back to School,Percent,30,Student,299,18,1,2025-01-18,2025-02-17,1,2025-01-20,485.65,73,14.96
907,LUCKY-5EA432BD,Birthday Bonus,Fixed,10000,Student,281,20,1,2025-01-05,2025-01-12,0,,343.95,53,6.45
908,LUCKY-FEF382FB,Welcome Back,Percent,25,All,428,30,0,2025-10-20,2025-11-19,0,,1863.51,7,680.17
909,LUCKY-E74DF0F3,Weekend Deal,Percent,30,All,54,21,0,2025-05-24,2025-05-31,0,,822.52,53,117.22
910,LUCKY-55A9F351,Flash Sale SV,Fixed,10000,Student,274,24,1,2025-01-25,2025-02-01,0,,151.36,61,70.05
911,LUCKY-67B0F9A8,Refer a Friend SV,Fixed,5000,Student,360,22,1,2025-12-05,2025-12-19,0,,356.87,70,147.58
912,LUCKY-4BD003DE,Summer Gift,Fixed,20000,Student,302,18,1,2025-01-08,2025-01-15,1,2025-01-10,102.01,78,23.6
913,LUCKY-BC1B8F95,Summer Gift,Percent,10,Student,225,22,1,2025-02-02,2025-02-09,0,,386.36,68,177.67
914,LUCKY-0CD322DB,Refer a Friend SV,Fixed,10000,Student,40,16,1,2025-02-22,2025-03-01,0,,191.36,31,120.48
915,LUCKY-E0149FB1,Back to School,Percent,25,Student,126,24,1,2025-09-10,2025-10-10,0,,142.64,45,141.05
916,LUCKY-EAA56D56,Refer a Friend SV,Percent,20,Student,41,20,1,2025-10-16,2025-10-30,0,,193.49,13,108.28
917,LUCKY-AB0651DC,Birthday Bonus,Percent,10,Student,358,18,1,2025-03-02,2025-03-09,0,,428.64,39,104.2
918,LUCKY-BB62B56A,Refer a Friend SV,Fixed,20000,Student,313,23,1,2025-02-02,2025-02-16,1,2025-02-16,478.87,4,4.26
919,LUCKY-F01B5FFB,Refer a Friend SV,Percent,15,Student,157,16,1,2025-07-18,2025-07-25,1,2025-07-29,438.25,5,76.93
920,LUCKY-BC7F8FB1,Flash Sale SV,Fixed,10000,Student,374,21,1,2025-10-14,2025-10-28,1,2025-10-27,471.75,43,182.01
921,LUCKY-9DE4534D,Refer a Friend SV,Fixed,50000,All,134,44,0,2025-10-25,2025-11-24,0,,302.81,49,153.75
922,LUCKY-886E2254,Back to School,Percent,10,Student,395,22,1,2025-05-03,2025-05-10,0,,260.3,30,198.52
923,LUCKY-D8E6C589,Back to School,Fixed,20000,Student,158,21,1,2025-10-01,2025-10-08,0,,306.99,35,7.72
924,LUCKY-6DFE76CE,Weekend Deal,Fixed,5000,Student,433,21,1,2025-01-12,2025-01-26,1,2025-01-23,426.2,56,169.52
925,LUCKY-159BA5F4,Weekend Deal,Fixed,5000,Student,117,22,1,2025-05-09,2025-05-23,1,2025-05-12,76.36,35,187.77
926,LUCKY-4677DB1E,Flash Sale SV,Percent,50,Student,163,18,1,2025-09-28,2025-10-12,1,2025-10-08,442.06,29,131.2
927,LUCKY-47EEDB79,Birthday Bonus,Fixed,5000,Student,180,19,1,2025-01-20,2025-01-27,0,,77.37,33,142.91
928,LUCKY-DA47146F,Birthday Bonus,Percent,20,Student,329,24,1,2025-11-14,2025-11-21,0,,249.72,30,102.21
929,LUCKY-C13A40AC,Birthday Bonus,Fixed,50000,Student,83,20,1,2025-05-20,2025-05-27,0,,114.39,46,65.31
930,LUCKY-6A7F7039,Summer Gift,Percent,30,Student,261,20,1,2025-09-23,2025-10-23,0,,468.64,3,182.37
931,LUCKY-7F0DC2A8,Tet Student,Percent,50,All,290,42,0,2025-11-03,2025-11-10,1,2025-11-07,819.29,74,254.13
932,LUCKY-4F57BCFB,Weekend Deal,Percent,30,Student,138,24,1,2025-09-15,2025-09-29,0,,380.28,15,107.79
933,LUCKY-F0EF7D27,Birthday Bonus,Percent,25,Student,228,20,1,2025-02-23,2025-03-02,0,,459.98,46,65.74
934,LUCKY-31DF00AC,Weekend Deal,Percent,20,All,118,33,0,2025-08-26,2025-09-09,0,,851.39,64,384.39
935,LUCKY-117B3C29,Back to School,Percent,30,Student,42,18,1,2025-06-11,2025-06-18,0,,466.57,52,48.99
936,LUCKY-18C96616,Weekend Deal,Percent,15,Student,284,24,1,2025-02-14,2025-02-28,1,2025-02-27,492.46,80,115.2
937,LUCKY-5F752617,Tet Student,Fixed,5000,All,471,35,0,2025-03-17,2025-04-16,0,,1537.14,4,170.08
938,LUCKY-B718A3CC,Back to School,Percent,50,Student,56,22,1,2025-06-19,2025-07-19,1,2025-06-29,209.47,71,80.46
939,LUCKY-56C94C06,Refer a Friend SV,Fixed,50000,All,94,21,0,2025-08-23,2025-08-30,1,2025-09-04,332.75,57,924.69
940,LUCKY-7A9556A5,Birthday Bonus,Percent,10,All,225,38,0,2025-08-13,2025-08-27,0,,1849.42,10,939.79
941,LUCKY-B23CCB68,Flash Sale SV,Fixed,20000,Student,433,20,1,2025-09-19,2025-10-19,0,,475.15,38,19.38
942,LUCKY-5FA2E104,Summer Gift,Percent,10,All,161,29,0,2025-05-19,2025-06-18,0,,781.04,22,352.65
943,LUCKY-D643C530,Tet Student,Fixed,10000,Student,342,20,1,2025-05-20,2025-05-27,1,2025-05-24,124.52,62,57.57
944,LUCKY-14BD0310,Flash Sale SV,Percent,30,Student,4,17,1,2025-09-18,2025-09-25,0,,143.08,21,167.76
945,LUCKY-417175DB,Tet Student,Fixed,50000,Student,362,16,1,2025-05-04,2025-06-03,0,,216.29,73,56.37
946,LUCKY-149BB57D,Back to School,Percent,15,All,382,23,0,2025-02-12,2025-02-19,0,,999.93,33,460.65
947,LUCKY-A03D532B,Welcome Back,Fixed,50000,All,52,43,0,2025-06-02,2025-06-16,0,,333.83,42,198.89
948,LUCKY-5D97AF97,Flash Sale SV,Percent,50,All,101,45,0,2025-10-13,2025-10-20,1,2025-10-24,1138.33,71,230.88
949,LUCKY-D52FEEC5,Summer Gift,Fixed,10000,Student,384,18,1,2025-02-17,2025-03-19,0,,268.03,63,37.42
950,LUCKY-F25BCFC5,Refer a Friend SV,Percent,10,Student,299,22,1,2025-10-13,2025-11-12,0,,80.27,26,111.55
951,LUCKY-BFECB54D,Back to School,Fixed,10000,Student,201,21,1,2025-08-26,2025-09-25,0,,267.9,23,131.39
952,LUCKY-A88A8BF3,Weekend Deal,Fixed,50000,Student,238,24,1,2025-11-14,2025-11-21,1,2025-11-17,266.43,14,19.31
953,LUCKY-1EEA7E2C,Weekend Deal,Percent,25,All,149,41,0,2025-11-08,2025-11-15,0,,404.37,90,712.12
954,LUCKY-9DB9A1AB,Birthday Bonus,Fixed,20000,Student,134,19,1,2025-08-14,2025-08-28,0,,450.41,7,156.57
955,LUCKY-474590AF,Weekend Deal,Percent,20,All,106,28,0,2025-10-06,2025-11-05,0,,1073.91,81,258.0
956,LUCKY-ACA8A352,Flash Sale SV,Percent,30,All,47,23,0,2025-01-26,2025-02-09,0,,1906.18,42,632.64
957,LUCKY-46A0CE43,Flash Sale SV,Percent,50,All,81,30,0,2025-06-18,2025-06-25,0,,1842.01,70,778.5
958,LUCKY-579A41AD,Refer a Friend SV,Fixed,20000,All,433,32,0,2025-12-08,2025-12-15,1,2025-12-09,1747.5,20,267.87
959,LUCKY-89AF9584,Back to School,Percent,15,Student,18,24,1,2025-04-21,2025-05-21,1,2025-04-25,96.13,62,79.59
960,LUCKY-85CEEDB8,Back to School,Percent,50,Student,370,17,1,2025-02-03,2025-03-05,0,,415.85,51,75.57
961,LUCKY-BE854B86,Refer a Friend SV,Percent,10,All,166,43,0,2025-10-28,2025-11-11,1,2025-11-10,947.68,69,64.0
962,LUCKY-B9986441,Refer a Friend SV,Fixed,50000,Student,143,16,1,2025-02-08,2025-02-22,1,2025-02-17,185.97,12,91.78
963,LUCKY-E84672AD,Welcome Back,Fixed,20000,Student,395,24,1,2025-10-01,2025-10-15,0,,277.97,63,76.48
964,LUCKY-FA9A197E,Welcome Back,Fixed,10000,Student,128,21,1,2025-03-07,2025-03-21,1,2025-03-17,264.56,39,21.79
965,LUCKY-6FE1295B,Weekend Deal,Percent,10,Student,78,22,1,2025-05-24,2025-06-07,1,2025-06-07,327.42,72,94.7
966,LUCKY-8A4C5461,Birthday Bonus,Fixed,50000,Student,363,22,1,2025-04-11,2025-04-25,0,,442.14,26,53.63
967,LUCKY-6E6E0F77,Welcome Back,Percent,25,Student,63,24,1,2025-01-06,2025-02-05,1,2025-01-18,436.39,10,198.55
968,LUCKY-1B058F36,Weekend Deal,Fixed,10000,Student,152,23,1,2025-09-14,2025-09-28,1,2025-09-15,441.39,54,22.73
969,LUCKY-140097E3,Tet Student,Fixed,20000,Student,315,20,1,2025-09-22,2025-09-29,1,2025-10-05,373.97,34,176.05
970,LUCKY-6AE9BF94,Tet Student,Percent,20,All,163,31,0,2025-12-27,2026-01-10,1,2025-12-28,1134.88,59,288.68
971,LUCKY-014681B2,Summer Gift,Fixed,10000,Student,49,18,1,2025-09-15,2025-09-29,0,,261.72,0,198.66
972,LUCKY-1C5695E0,Flash Sale SV,Percent,20,Student,300,23,1,2025-05-10,2025-05-24,0,,317.5,81,13.35
973,LUCKY-0F6CA8AF,Tet Student,Percent,10,All,289,31,0,2025-04-09,2025-04-16,1,2025-04-14,1324.1,32,433.1
974,LUCKY-BFA1C43F,Summer Gift,Fixed,50000,Student,315,24,1,2025-04-07,2025-04-14,1,2025-04-20,314.29,42,153.21
975,LUCKY-E88EAF74,Weekend Deal,Percent,15,Student,257,18,1,2025-08-11,2025-08-25,0,,263.96,9,0.05
976,LUCKY-A8168464,Back to School,Fixed,20000,All,453,27,0,2025-06-17,2025-06-24,0,,1208.26,49,408.44
977,LUCKY-1947E535,Weekend Deal,Percent,25,Student,286,19,1,2025-05-22,2025-05-29,0,,479.91,35,189.1
978,LUCKY-AA3882E0,Refer a Friend SV,Fixed,20000,All,92,40,0,2025-09-07,2025-09-21,1,2025-09-13,826.72,46,74.03
979,LUCKY-CE7E1A80,Back to School,Percent,30,All,311,20,0,2025-06-09,2025-07-09,1,2025-06-10,552.5,24,392.94
980,LUCKY-F423203C,Flash Sale SV,Fixed,20000,Student,475,20,1,2025-01-28,2025-02-27,0,,338.75,89,79.66
981,LUCKY-336302EA,Birthday Bonus,Percent,10,Student,91,23,1,2025-12-05,2026-01-04,1,2025-12-17,270.64,82,94.69
982,LUCKY-D4C9F145,Flash Sale SV,Percent,25,All,315,24,0,2025-09-09,2025-09-16,1,2025-09-20,349.08,15,842.36
983,LUCKY-8E044DEC,Birthday Bonus,Percent,30,All,429,30,0,2025-11-13,2025-11-27,0,,1707.09,40,855.82
984,LUCKY-89C28A16,Back to School,Percent,50,Student,102,16,1,2025-08-02,2025-08-16,1,2025-08-12,79.23,64,165.01
985,LUCKY-F5769586,Birthday Bonus,Fixed,20000,Student,290,22,1,2025-08-19,2025-09-18,1,2025-08-21,127.84,0,149.37
986,LUCKY-03296017,Flash Sale SV,Percent,20,All,192,22,0,2025-01-07,2025-02-06,0,,409.27,11,136.03
987,LUCKY-8556134C,Flash Sale SV,Percent,20,Student,290,19,1,2025-05-06,2025-05-20,1,2025-05-09,188.5,24,136.18
988,LUCKY-5FEDD90A,Back to School,Percent,20,Student,182,19,1,2025-05-03,2025-05-17,0,,425.87,25,54.56
989,LUCKY-FFFD9DAF,Refer a Friend SV,Percent,10,Student,178,21,1,2025-10-07,2025-11-06,1,2025-10-14,397.57,80,104.61
990,LUCKY-05DFFF03,Summer Gift,Fixed,5000,Student,265,20,1,2025-08-09,2025-08-16,1,2025-08-11,143.35,64,139.93
991,LUCKY-A763874F,Flash Sale SV,Fixed,50000,Student,462,18,1,2025-02-21,2025-03-07,1,2025-03-07,263.84,41,93.45
992,LUCKY-7CE30AF8,Back to School,Percent,20,Student,415,22,1,2025-09-06,2025-09-13,1,2025-09-14,263.97,12,67.33
993,LUCKY-0B2D5B36,Birthday Bonus,Fixed,20000,Student,498,22,1,2025-07-10,2025-07-17,0,,378.93,31,94.71
994,LUCKY-6D176F6A,Refer a Friend SV,Percent,25,All,15,27,0,2025-10-13,2025-11-12,0,,1573.71,64,905.82
995,LUCKY-99C6E4A2,Tet Student,Percent,30,Student,159,18,1,2025-06-26,2025-07-03,1,2025-06-28,465.06,89,177.32
996,LUCKY-AF86FD24,Tet Student,Fixed,5000,All,95,24,0,2025-03-10,2025-03-24,1,2025-03-12,1642.68,21,485.78
997,LUCKY-278A00E4,Weekend Deal,Fixed,5000,Student,202,19,1,2025-02-16,2025-03-18,1,2025-02-27,246.45,19,144.83
998,LUCKY-5F587160,Refer a Friend SV,Percent,10,Student,420,23,1,2025-03-13,2025-03-27,1,2025-03-18,350.8,90,166.27
999,LUCKY-2EA4D1AC,Summer Gift,Fixed,5000,Student,189,22,1,2025-03-25,2025-04-01,0,,318.62,44,106.82
1000,LUCKY-A760697C,Summer Gift,Percent,50,Student,223,24,1,2025-04-02,2025-04-09,1,2025-04-07,420.46,50,122.11
